card-down6-any-05	deepseek-v4-flash
card-down7-03	qwen/qwen3.7-flash
card-down8-pro-2	deepseek-v4-pro
card-down8-pro-3	deepseek-v4-pro
card-s17c-w6-rust	qwen/qwen3.7-flash
card-s17g-f7-rust	deepseek/deepseek-v4-flash
card-s17g-f8-cs	qwen/qwen3.7-flash
card-s17g-f9-go	deepseek/deepseek-v4-flash
card-s17mr-1059	deepseek/deepseek-v4-flash
card-s17mr-1072	deepseek-v4-flash
card-s17mr-1076	deepseek/deepseek-v4-flash
card-s17mr-1078	deepseek/deepseek-v4-flash
card-s17mr-1087	deepseek-v4-flash
card-s17mr2-1024	deepseek/deepseek-v4-flash
card-s17mr2-1037	qwen/qwen3.7-flash
card-s17mr2-1038	deepseek/deepseek-v4-flash
card-s17mr2-1039	qwen/qwen3.7-flash
card-s17mr2-1048	deepseek/deepseek-v4-flash
card-s17mr2-1055	deepseek/deepseek-v4-flash
card-s17mr2-1072	qwen/qwen3.7-flash
card-s17mr2-1102	deepseek/deepseek-v4-flash
card-s17pr2-1330	deepseek/deepseek-v4-flash
card-s17pr2-1332	qwen/qwen3.7-flash
card-s17pr2-1333	deepseek/deepseek-v4-flash
card-s17pr2-1336	deepseek-v4-flash
card-s17pr2-1337	qwen/qwen3.7-flash
card-s17pr2-1355	qwen/qwen3.7-flash
card-s17pr2-1356	deepseek/deepseek-v4-flash
card-s17pr2-1357	qwen/qwen3.7-flash
card-s17pr2-1370	deepseek/deepseek-v4-flash
card-s17pr2-1372	qwen/qwen3.7-flash
card-s17pr2-1373	deepseek-v4-flash
card-s17pr2-948	deepseek/deepseek-v4-flash
card-s17pr2-968	deepseek-v4-flash
card-s17pr2-973	deepseek/deepseek-v4-flash
card-s17pyf-c12	qwen/qwen3.7-flash
card-s17pyf-c13	deepseek-v4-flash
card-s17pyf-c5	qwen/qwen3.7-flash
card-s17pyf-c7	deepseek-v4-flash
card-s17pyf-c8	deepseek-v4-flash
card-s17pyf-c9	deepseek/deepseek-v4-flash
card-s17pyf-e3	deepseek-v4-flash
card-s17pyf-e4	qwen/qwen3.7-flash
card-s17pyf-f10	deepseek-v4-flash
card-s17pyf-f11	deepseek/deepseek-v4-flash
card-s17pyf-f3	qwen/qwen3.7-flash
card-s17pyf-f4	deepseek/deepseek-v4-flash
card-s17pyf-f5	deepseek/deepseek-v4-flash
card-s17pyf-f6	qwen/qwen3.7-flash
card-s17pyf-w1	deepseek-v4-flash
card-s17pyf-w14	deepseek-v4-flash
card-s17pyw-c10	qwen/qwen3.7-flash
card-s17pyw-c5	deepseek/deepseek-v4-flash
card-s17pyw-c9	qwen/qwen3.7-flash
card-s17pyw-e5	deepseek/deepseek-v4-flash
card-s17pyw-e7	qwen/qwen3.7-flash
card-s17pyw-e9	deepseek-v4-flash
card-s17pyw-f1	deepseek/deepseek-v4-flash
card-s17pyw-w13	deepseek/deepseek-v4-flash
card-s17pyw-w15	qwen/qwen3.7-flash
card-s17pyw-w16	deepseek-v4-flash
card-s17rb-961	qwen/qwen3.7-flash
card-s17rb-968	deepseek-v4-flash
card-s17rb-969	deepseek-v4-flash
card-s17rb-971	deepseek-v4-flash
card-s17rb-972	qwen/qwen3.7-flash
card-spec-release-r2	deepseek-v4-flash
card-spec-work-c-r2	deepseek/deepseek-v4-flash
card-spec-work-d-r2	deepseek/deepseek-v4-flash
card-spec-work-g	deepseek-v4-flash
card-tools22-dog-nova-board-first-run-r10	deepseek/deepseek-v4-flash
card-tools22-dog-nova-board-first-run-r11	deepseek/deepseek-v4-flash
card-tools22-dog-nova-board-first-run-r13	qwen/qwen3.7-flash
card-tools22-dog-nova-board-first-run-r14	deepseek/deepseek-v4-flash
card-tools22-dog-nova-board-first-run-r15	qwen/qwen3.7-flash
card-tools22-dog-nova-board-first-run-r17	deepseek-v4-flash
card-tools22-dog-nova-board-first-run-r2	qwen/qwen3.7-flash
card-tools22-dog-nova-board-first-run-r22	deepseek/deepseek-v4-flash
card-tools22-dog-nova-board-first-run-r3	deepseek/deepseek-v4-flash
card-tools22-dog-nova-board-first-run-r4	deepseek-v4-flash
card-tools22-dog-nova-board-first-run-r5	deepseek-v4-flash
card-tools22-dog-nova-board-first-run-r8	qwen/qwen3.7-flash
card-tools22-dog-nova-board-first-run-r9	deepseek-v4-flash
card-tools22-dog-nova-bus-adopting-it-on-a-bus-tha-r1	deepseek/deepseek-v4-flash
card-tools22-dog-nova-bus-adopting-it-on-a-bus-tha-r12	deepseek-v4-flash
card-tools22-dog-nova-bus-adopting-it-on-a-bus-tha-r13	deepseek-v4-flash
card-tools22-dog-nova-bus-adopting-it-on-a-bus-tha-r14	qwen/qwen3.7-flash
card-tools22-dog-nova-bus-adopting-it-on-a-bus-tha-r15	qwen/qwen3.7-flash
card-tools22-dog-nova-bus-adopting-it-on-a-bus-tha-r16	qwen/qwen3.7-flash
card-tools22-dog-nova-bus-adopting-it-on-a-bus-tha-r17	deepseek-v4-flash
card-tools22-dog-nova-bus-adopting-it-on-a-bus-tha-r18	deepseek-v4-flash
card-tools22-dog-nova-bus-adopting-it-on-a-bus-tha-r19	deepseek/deepseek-v4-flash
card-tools22-dog-nova-bus-adopting-it-on-a-bus-tha-r2	qwen/qwen3.7-flash
card-tools22-dog-nova-bus-adopting-it-on-a-bus-tha-r20	deepseek-v4-flash
card-tools22-dog-nova-bus-adopting-it-on-a-bus-tha-r21	deepseek-v4-flash
card-tools22-dog-nova-bus-adopting-it-on-a-bus-tha-r22	deepseek-v4-flash
card-tools22-dog-nova-bus-adopting-it-on-a-bus-tha-r23	deepseek-v4-flash
card-tools22-dog-nova-bus-adopting-it-on-a-bus-tha-r24	deepseek/deepseek-v4-flash
card-tools22-dog-nova-bus-adopting-it-on-a-bus-tha-r3	deepseek-v4-flash
card-tools22-dog-nova-bus-adopting-it-on-a-bus-tha-r4	deepseek-v4-flash
card-tools22-dog-nova-bus-adopting-it-on-a-bus-tha-r5	deepseek/deepseek-v4-flash
card-tools22-dog-nova-bus-adopting-it-on-a-bus-tha-r6	qwen/qwen3.7-flash
card-tools22-dog-nova-bus-adopting-it-on-a-bus-tha-r7	deepseek-v4-flash
card-tools22-dog-nova-bus-adopting-it-on-a-bus-tha-r8	qwen/qwen3.7-flash
card-tools22-dog-nova-bus-adopting-it-on-a-bus-tha-r9	qwen/qwen3.7-flash
card-tools22-dog-nova-bus-first-run-r1	deepseek/deepseek-v4-flash
card-tools22-dog-nova-bus-first-run-r10	deepseek-v4-flash
card-tools22-dog-nova-bus-first-run-r11	qwen/qwen3.7-flash
card-tools22-dog-nova-bus-first-run-r12	qwen/qwen3.7-flash
card-tools22-dog-nova-bus-first-run-r13	deepseek/deepseek-v4-flash
card-tools22-dog-nova-bus-first-run-r14	deepseek-v4-flash
card-tools22-dog-nova-bus-first-run-r15	deepseek/deepseek-v4-flash
card-tools22-dog-nova-bus-first-run-r16	deepseek-v4-flash
card-tools22-dog-nova-bus-first-run-r18	qwen/qwen3.7-flash
card-tools22-dog-nova-bus-first-run-r2	mercury-2.5
card-tools22-dog-nova-bus-first-run-r20	qwen/qwen3.7-flash
card-tools22-dog-nova-bus-first-run-r21	qwen/qwen3.7-flash
card-tools22-dog-nova-bus-first-run-r22	qwen/qwen3.7-flash
card-tools22-dog-nova-bus-first-run-r23	deepseek/deepseek-v4-flash
card-tools22-dog-nova-bus-first-run-r4	deepseek-v4-flash
card-tools22-dog-nova-bus-first-run-r5	qwen/qwen3.7-flash
card-tools22-dog-nova-bus-first-run-r6	deepseek-v4-flash
card-tools22-dog-nova-bus-first-run-r7	deepseek-v4-flash
card-tools22-dog-nova-bus-first-run-r8	deepseek-v4-flash
card-tools22-dog-nova-bus-first-run-r9	deepseek-v4-flash
card-tools22-dog-nova-bus-for-harnesses-that-do-no-r1	qwen/qwen3.7-flash
card-tools22-dog-nova-bus-for-harnesses-that-do-no-r10	deepseek/deepseek-v4-flash
card-tools22-dog-nova-bus-for-harnesses-that-do-no-r12	deepseek-v4-flash
card-tools22-dog-nova-bus-for-harnesses-that-do-no-r13	qwen/qwen3.7-flash
card-tools22-dog-nova-bus-for-harnesses-that-do-no-r14	qwen/qwen3.7-flash
card-tools22-dog-nova-bus-for-harnesses-that-do-no-r15	deepseek/deepseek-v4-flash
card-tools22-dog-nova-bus-for-harnesses-that-do-no-r2	deepseek-v4-flash
card-tools22-dog-nova-bus-for-harnesses-that-do-no-r3	deepseek-v4-flash
card-tools22-dog-nova-bus-for-harnesses-that-do-no-r4	deepseek/deepseek-v4-flash
card-tools22-dog-nova-bus-for-harnesses-that-do-no-r5	deepseek/deepseek-v4-flash
card-tools22-dog-nova-bus-for-harnesses-that-do-no-r7	mercury-2.5
card-tools22-dog-nova-bus-for-harnesses-that-do-no-r8	mercury-2.5
card-tools22-dog-nova-bus-for-harnesses-that-do-no-r9	mercury-2.5
card-tools22-dog-nova-bus-reading-a-backlog-with-a-r1	deepseek-v4-flash
card-tools22-dog-nova-bus-reading-a-backlog-with-a-r10	mercury-2.5
card-tools22-dog-nova-bus-reading-a-backlog-with-a-r11	mercury-2.5
card-tools22-dog-nova-bus-reading-a-backlog-with-a-r12	deepseek/deepseek-v4-flash
card-tools22-dog-nova-bus-reading-a-backlog-with-a-r13	deepseek/deepseek-v4-flash
card-tools22-dog-nova-bus-reading-a-backlog-with-a-r14	deepseek-v4-flash
card-tools22-dog-nova-bus-reading-a-backlog-with-a-r15	deepseek-v4-flash
card-tools22-dog-nova-bus-reading-a-backlog-with-a-r16	qwen/qwen3.7-flash
card-tools22-dog-nova-bus-reading-a-backlog-with-a-r17	qwen/qwen3.7-flash
card-tools22-dog-nova-bus-reading-a-backlog-with-a-r18	deepseek/deepseek-v4-flash
card-tools22-dog-nova-bus-reading-a-backlog-with-a-r19	deepseek/deepseek-v4-flash
card-tools22-dog-nova-bus-reading-a-backlog-with-a-r2	qwen/qwen3.7-flash
card-tools22-dog-nova-bus-reading-a-backlog-with-a-r20	deepseek-v4-flash
card-tools22-dog-nova-bus-reading-a-backlog-with-a-r21	deepseek-v4-flash
card-tools22-dog-nova-bus-reading-a-backlog-with-a-r22	qwen/qwen3.7-flash
card-tools22-dog-nova-bus-reading-a-backlog-with-a-r23	qwen/qwen3.7-flash
card-tools22-dog-nova-bus-reading-a-backlog-with-a-r24	mercury-2.5
card-tools22-dog-nova-bus-reading-a-backlog-with-a-r3	qwen/qwen3.7-flash
card-tools22-dog-nova-bus-reading-a-backlog-with-a-r4	mercury-2.5
card-tools22-dog-nova-bus-reading-a-backlog-with-a-r5	mercury-2.5
card-tools22-dog-nova-bus-reading-a-backlog-with-a-r6	deepseek/deepseek-v4-flash
card-tools22-dog-nova-bus-reading-a-backlog-with-a-r7	deepseek/deepseek-v4-flash
card-tools22-dog-nova-bus-reading-a-backlog-with-a-r8	deepseek/deepseek-v4-flash
card-tools22-dog-nova-bus-reading-a-backlog-with-a-r9	deepseek/deepseek-v4-flash
card-tools22-dog-nova-bus-setting-up-a-bus-r1	qwen/qwen3.7-flash
card-tools22-dog-nova-bus-setting-up-a-bus-r10	deepseek/deepseek-v4-flash
card-tools22-dog-nova-bus-setting-up-a-bus-r11	qwen/qwen3.7-flash
card-tools22-dog-nova-bus-setting-up-a-bus-r12	qwen/qwen3.7-flash
card-tools22-dog-nova-bus-setting-up-a-bus-r13	deepseek/deepseek-v4-flash
card-tools22-dog-nova-bus-setting-up-a-bus-r14	deepseek/deepseek-v4-flash
card-tools22-dog-nova-bus-setting-up-a-bus-r15	deepseek-v4-flash
card-tools22-dog-nova-bus-setting-up-a-bus-r16	deepseek/deepseek-v4-flash
card-tools22-dog-nova-bus-setting-up-a-bus-r17	qwen/qwen3.7-flash
card-tools22-dog-nova-bus-setting-up-a-bus-r18	qwen/qwen3.7-flash
card-tools22-dog-nova-bus-setting-up-a-bus-r19	qwen/qwen3.7-flash
card-tools22-dog-nova-bus-setting-up-a-bus-r2	deepseek-v4-flash
card-tools22-dog-nova-bus-setting-up-a-bus-r20	deepseek-v4-flash
card-tools22-dog-nova-bus-setting-up-a-bus-r21	deepseek-v4-flash
card-tools22-dog-nova-bus-setting-up-a-bus-r22	qwen/qwen3.7-flash
card-tools22-dog-nova-bus-setting-up-a-bus-r23	qwen/qwen3.7-flash
card-tools22-dog-nova-bus-setting-up-a-bus-r24	deepseek-v4-flash
card-tools22-dog-nova-bus-setting-up-a-bus-r3	deepseek-v4-flash
card-tools22-dog-nova-bus-setting-up-a-bus-r4	deepseek/deepseek-v4-flash
card-tools22-dog-nova-bus-setting-up-a-bus-r5	deepseek/deepseek-v4-flash
card-tools22-dog-nova-bus-setting-up-a-bus-r6	mercury-2.5
card-tools22-dog-nova-bus-setting-up-a-bus-r7	mercury-2.5
card-tools22-dog-nova-bus-setting-up-a-bus-r8	mercury-2.5
card-tools22-dog-nova-bus-setting-up-a-bus-r9	mercury-2.5
card-tools22-dog-nova-bus-the-cursor-r1	deepseek-v4-flash
card-tools22-dog-nova-bus-the-cursor-r10	qwen/qwen3.7-flash
card-tools22-dog-nova-bus-the-cursor-r11	qwen/qwen3.7-flash
card-tools22-dog-nova-bus-the-cursor-r12	deepseek-v4-flash
card-tools22-dog-nova-bus-the-cursor-r13	deepseek/deepseek-v4-flash
card-tools22-dog-nova-bus-the-cursor-r14	deepseek/deepseek-v4-flash
card-tools22-dog-nova-bus-the-cursor-r15	deepseek/deepseek-v4-flash
card-tools22-dog-nova-bus-the-cursor-r17	deepseek/deepseek-v4-flash
card-tools22-dog-nova-bus-the-cursor-r18	deepseek-v4-flash
card-tools22-dog-nova-bus-the-cursor-r19	deepseek/deepseek-v4-flash
card-tools22-dog-nova-bus-the-cursor-r2	qwen/qwen3.7-flash
card-tools22-dog-nova-bus-the-cursor-r20	deepseek/deepseek-v4-flash
card-tools22-dog-nova-bus-the-cursor-r21	deepseek/deepseek-v4-flash
card-tools22-dog-nova-bus-the-cursor-r22	mercury-2.5
card-tools22-dog-nova-bus-the-cursor-r23	mercury-2.5
card-tools22-dog-nova-bus-the-cursor-r24	qwen/qwen3.7-flash
card-tools22-dog-nova-bus-the-cursor-r3	deepseek-v4-flash
card-tools22-dog-nova-bus-the-cursor-r4	deepseek/deepseek-v4-flash
card-tools22-dog-nova-bus-the-cursor-r5	qwen/qwen3.7-flash
card-tools22-dog-nova-bus-the-cursor-r6	deepseek/deepseek-v4-flash
card-tools22-dog-nova-bus-the-cursor-r7	qwen/qwen3.7-flash
card-tools22-dog-nova-bus-the-cursor-r8	deepseek/deepseek-v4-flash
card-tools22-dog-nova-bus-the-cursor-r9	deepseek/deepseek-v4-flash
card-tools22-dog-nova-bus-the-rule-this-tool-does-r1	deepseek/deepseek-v4-flash
card-tools22-dog-nova-bus-the-rule-this-tool-does-r10	deepseek-v4-flash
card-tools22-dog-nova-bus-the-rule-this-tool-does-r11	deepseek-v4-flash
card-tools22-dog-nova-bus-the-rule-this-tool-does-r12	deepseek-v4-flash
card-tools22-dog-nova-bus-the-rule-this-tool-does-r13	qwen/qwen3.7-flash
card-tools22-dog-nova-bus-the-rule-this-tool-does-r14	deepseek-v4-flash
card-tools22-dog-nova-bus-the-rule-this-tool-does-r15	mercury-2.5
card-tools22-dog-nova-bus-the-rule-this-tool-does-r16	deepseek/deepseek-v4-flash
card-tools22-dog-nova-bus-the-rule-this-tool-does-r17	deepseek/deepseek-v4-flash
card-tools22-dog-nova-bus-the-rule-this-tool-does-r18	deepseek/deepseek-v4-flash
card-tools22-dog-nova-bus-the-rule-this-tool-does-r19	deepseek/deepseek-v4-flash
card-tools22-dog-nova-bus-the-rule-this-tool-does-r2	mercury-2.5
card-tools22-dog-nova-bus-the-rule-this-tool-does-r20	mercury-2.5
card-tools22-dog-nova-bus-the-rule-this-tool-does-r21	mercury-2.5
card-tools22-dog-nova-bus-the-rule-this-tool-does-r23	deepseek/deepseek-v4-flash
card-tools22-dog-nova-bus-the-rule-this-tool-does-r24	deepseek-v4-flash
card-tools22-dog-nova-bus-the-rule-this-tool-does-r3	mercury-2.5
card-tools22-dog-nova-bus-the-rule-this-tool-does-r4	qwen/qwen3.7-flash
card-tools22-dog-nova-bus-the-rule-this-tool-does-r5	qwen/qwen3.7-flash
card-tools22-dog-nova-bus-the-rule-this-tool-does-r6	deepseek-v4-flash
card-tools22-dog-nova-bus-the-rule-this-tool-does-r7	deepseek-v4-flash
card-tools22-dog-nova-bus-the-rule-this-tool-does-r8	deepseek-v4-flash
card-tools22-dog-nova-bus-the-rule-this-tool-does-r9	deepseek-v4-flash
card-tools22-dog-nova-bus-the-ten-verbs-r1	deepseek-v4-flash
card-tools22-dog-nova-bus-the-ten-verbs-r10	deepseek/deepseek-v4-flash
card-tools22-dog-nova-bus-the-ten-verbs-r11	deepseek/deepseek-v4-flash
card-tools22-dog-nova-bus-the-ten-verbs-r12	mercury-2.5
card-tools22-dog-nova-bus-the-ten-verbs-r13	mercury-2.5
card-tools22-dog-nova-bus-the-ten-verbs-r14	qwen/qwen3.7-flash
card-tools22-dog-nova-bus-the-ten-verbs-r15	qwen/qwen3.7-flash
card-tools22-dog-nova-bus-the-ten-verbs-r2	qwen/qwen3.7-flash
card-tools22-dog-nova-bus-the-ten-verbs-r3	qwen/qwen3.7-flash
card-tools22-dog-nova-bus-the-ten-verbs-r4	mercury-2.5
card-tools22-dog-nova-bus-the-ten-verbs-r5	mercury-2.5
card-tools22-dog-nova-bus-the-ten-verbs-r6	deepseek/deepseek-v4-flash
card-tools22-dog-nova-bus-the-ten-verbs-r7	deepseek/deepseek-v4-flash
card-tools22-dog-nova-bus-the-ten-verbs-r8	deepseek/deepseek-v4-flash
card-tools22-dog-nova-bus-the-ten-verbs-r9	deepseek/deepseek-v4-flash
card-tools22-dog-nova-bus-where-the-rest-is-r1	mercury-2.5
card-tools22-dog-nova-bus-where-the-rest-is-r10	deepseek-v4-flash
card-tools22-dog-nova-bus-where-the-rest-is-r11	deepseek-v4-flash
card-tools22-dog-nova-bus-where-the-rest-is-r12	qwen/qwen3.7-flash
card-tools22-dog-nova-bus-where-the-rest-is-r13	qwen/qwen3.7-flash
card-tools22-dog-nova-bus-where-the-rest-is-r15	mercury-2.5
card-tools22-dog-nova-bus-where-the-rest-is-r2	deepseek/deepseek-v4-flash
card-tools22-dog-nova-bus-where-the-rest-is-r3	deepseek/deepseek-v4-flash
card-tools22-dog-nova-bus-where-the-rest-is-r4	deepseek-v4-flash
card-tools22-dog-nova-bus-where-the-rest-is-r5	deepseek-v4-flash
card-tools22-dog-nova-bus-where-the-rest-is-r6	qwen/qwen3.7-flash
card-tools22-dog-nova-bus-where-the-rest-is-r7	qwen/qwen3.7-flash
card-tools22-dog-nova-bus-where-the-rest-is-r8	qwen/qwen3.7-flash
card-tools22-dog-nova-bus-where-the-rest-is-r9	qwen/qwen3.7-flash
card-tools22-dog-nova-check-first-run-r1	deepseek-v4-flash
card-tools22-dog-nova-check-first-run-r10	deepseek/deepseek-v4-flash
card-tools22-dog-nova-check-first-run-r11	deepseek/deepseek-v4-flash
card-tools22-dog-nova-check-first-run-r13	mercury-2.5
card-tools22-dog-nova-check-first-run-r14	qwen/qwen3.7-flash
card-tools22-dog-nova-check-first-run-r15	qwen/qwen3.7-flash
card-tools22-dog-nova-check-first-run-r2	qwen/qwen3.7-flash
card-tools22-dog-nova-check-first-run-r3	qwen/qwen3.7-flash
card-tools22-dog-nova-check-first-run-r4	mercury-2.5
card-tools22-dog-nova-check-first-run-r5	mercury-2.5
card-tools22-dog-nova-check-first-run-r6	deepseek/deepseek-v4-flash
card-tools22-dog-nova-check-first-run-r7	deepseek/deepseek-v4-flash
card-tools22-dog-nova-check-first-run-r8	deepseek/deepseek-v4-flash
card-tools22-dog-nova-check-first-run-r9	deepseek/deepseek-v4-flash
card-tools22-dog-nova-check-hygiene-r1	deepseek/deepseek-v4-flash
card-tools22-dog-nova-check-hygiene-r12	deepseek-v4-flash
card-tools22-dog-nova-check-hygiene-r13	deepseek-v4-flash
card-tools22-dog-nova-check-hygiene-r14	deepseek/deepseek-v4-flash
card-tools22-dog-nova-check-hygiene-r15	deepseek/deepseek-v4-flash
card-tools22-dog-nova-check-hygiene-r4	qwen/qwen3.7-flash
card-tools22-dog-nova-check-hygiene-r5	qwen/qwen3.7-flash
card-tools22-dog-nova-check-hygiene-r6	deepseek-v4-flash
card-tools22-dog-nova-check-hygiene-r7	deepseek-v4-flash
card-tools22-dog-nova-check-hygiene-r8	deepseek-v4-flash
card-tools22-dog-nova-check-hygiene-r9	deepseek-v4-flash
card-tools22-dog-nova-check-the-dogfood-ledger-r1	deepseek-v4-flash
card-tools22-dog-nova-check-the-dogfood-ledger-r10	deepseek-v4-flash
card-tools22-dog-nova-check-the-dogfood-ledger-r11	deepseek-v4-flash
card-tools22-dog-nova-check-the-dogfood-ledger-r12	qwen/qwen3.7-flash
card-tools22-dog-nova-check-the-dogfood-ledger-r13	qwen/qwen3.7-flash
card-tools22-dog-nova-check-the-dogfood-ledger-r14	mercury-2.5
card-tools22-dog-nova-check-the-dogfood-ledger-r15	mercury-2.5
card-tools22-dog-nova-check-the-dogfood-ledger-r2	qwen/qwen3.7-flash
card-tools22-dog-nova-check-the-dogfood-ledger-r3	qwen/qwen3.7-flash
card-tools22-dog-nova-check-the-dogfood-ledger-r4	mercury-2.5
card-tools22-dog-nova-check-the-dogfood-ledger-r5	mercury-2.5
card-tools22-dog-nova-check-the-dogfood-ledger-r6	deepseek/deepseek-v4-flash
card-tools22-dog-nova-check-the-dogfood-ledger-r7	deepseek/deepseek-v4-flash
card-tools22-dog-nova-check-the-dogfood-ledger-r8	deepseek/deepseek-v4-flash
card-tools22-dog-nova-check-the-dogfood-ledger-r9	deepseek/deepseek-v4-flash
card-tools22-dog-nova-decide-classify-ask-one-typed-q-r1	qwen/qwen3.7-flash
card-tools22-dog-nova-decide-classify-ask-one-typed-q-r10	qwen/qwen3.7-flash
card-tools22-dog-nova-decide-classify-ask-one-typed-q-r11	qwen/qwen3.7-flash
card-tools22-dog-nova-decide-classify-ask-one-typed-q-r12	deepseek-v4-flash
card-tools22-dog-nova-decide-classify-ask-one-typed-q-r13	deepseek-v4-flash
card-tools22-dog-nova-decide-classify-ask-one-typed-q-r14	deepseek/deepseek-v4-flash
card-tools22-dog-nova-decide-classify-ask-one-typed-q-r15	deepseek/deepseek-v4-flash
card-tools22-dog-nova-decide-classify-ask-one-typed-q-r2	deepseek-v4-flash
card-tools22-dog-nova-decide-classify-ask-one-typed-q-r3	deepseek-v4-flash
card-tools22-dog-nova-decide-classify-ask-one-typed-q-r4	deepseek/deepseek-v4-flash
card-tools22-dog-nova-decide-classify-ask-one-typed-q-r5	deepseek/deepseek-v4-flash
card-tools22-dog-nova-decide-classify-ask-one-typed-q-r8	mercury-2.5
card-tools22-dog-nova-decide-help-continue-ask-all-fr-r1	qwen/qwen3.7-flash
card-tools22-dog-nova-decide-help-continue-ask-all-fr-r10	deepseek/deepseek-v4-flash
card-tools22-dog-nova-decide-help-continue-ask-all-fr-r11	deepseek/deepseek-v4-flash
card-tools22-dog-nova-decide-help-continue-ask-all-fr-r14	qwen/qwen3.7-flash
card-tools22-dog-nova-decide-help-continue-ask-all-fr-r15	qwen/qwen3.7-flash
card-tools22-dog-nova-decide-help-continue-ask-all-fr-r2	deepseek-v4-flash
card-tools22-dog-nova-decide-help-continue-ask-all-fr-r3	deepseek-v4-flash
card-tools22-dog-nova-decide-help-continue-ask-all-fr-r4	deepseek/deepseek-v4-flash
card-tools22-dog-nova-decide-help-continue-ask-all-fr-r5	deepseek/deepseek-v4-flash
card-tools22-dog-nova-decide-help-continue-ask-all-fr-r7	mercury-2.5
card-tools22-dog-nova-decide-help-continue-ask-all-fr-r9	mercury-2.5
card-tools22-dog-nova-decide-log-the-escalation-log-r1	qwen/qwen3.7-flash
card-tools22-dog-nova-decide-log-the-escalation-log-r11	mercury-2.5
card-tools22-dog-nova-decide-log-the-escalation-log-r12	deepseek/deepseek-v4-flash
card-tools22-dog-nova-decide-log-the-escalation-log-r14	deepseek-v4-flash
card-tools22-dog-nova-decide-log-the-escalation-log-r15	deepseek-v4-flash
card-tools22-dog-nova-decide-log-the-escalation-log-r2	deepseek-v4-flash
card-tools22-dog-nova-decide-log-the-escalation-log-r3	deepseek-v4-flash
card-tools22-dog-nova-decide-log-the-escalation-log-r4	deepseek/deepseek-v4-flash
card-tools22-dog-nova-decide-log-the-escalation-log-r5	deepseek/deepseek-v4-flash
card-tools22-dog-nova-decide-log-the-escalation-log-r6	mercury-2.5
card-tools22-dog-nova-decide-log-the-escalation-log-r7	mercury-2.5
card-tools22-dog-nova-decide-log-the-escalation-log-r8	mercury-2.5
card-tools22-dog-nova-decide-outcome-the-other-half-o-r1	qwen/qwen3.7-flash
card-tools22-dog-nova-decide-outcome-the-other-half-o-r2	deepseek-v4-flash
card-tools22-dog-nova-decide-outcome-the-other-half-o-r3	deepseek-v4-flash
card-tools22-dog-nova-decide-outcome-the-other-half-o-r4	deepseek/deepseek-v4-flash
card-tools22-dog-nova-decide-outcome-the-other-half-o-r5	deepseek/deepseek-v4-flash
card-tools22-dog-nova-decide-route-the-ladder-of-mind-r1	deepseek-v4-flash
card-tools22-dog-nova-decide-route-the-ladder-of-mind-r2	qwen/qwen3.7-flash
card-tools22-dog-nova-decide-route-the-ladder-of-mind-r3	qwen/qwen3.7-flash
card-tools22-dog-nova-decide-route-the-ladder-of-mind-r6	deepseek/deepseek-v4-flash
card-tools22-dog-nova-decide-route-the-ladder-of-mind-r7	deepseek/deepseek-v4-flash
card-tools22-dog-nova-decide-route-the-ladder-of-mind-r8	deepseek/deepseek-v4-flash
card-tools22-dog-nova-decide-route-the-ladder-of-mind-r9	deepseek/deepseek-v4-flash
card-tools22-dog-nova-decide-the-coordinator-s-line-r-r2	deepseek/deepseek-v4-flash
card-tools22-dog-nova-decide-the-coordinator-s-line-r-r3	deepseek/deepseek-v4-flash
card-tools22-dog-nova-decide-the-coordinator-s-line-r-r4	deepseek-v4-flash
card-tools22-dog-nova-decide-the-coordinator-s-line-r-r5	deepseek-v4-flash
card-tools22-dog-nova-decide-the-coordinator-s-line-r-r6	qwen/qwen3.7-flash
card-tools22-dog-nova-decide-the-coordinator-s-line-r-r7	qwen/qwen3.7-flash
card-tools22-dog-nova-decide-the-coordinator-s-line-r-r8	qwen/qwen3.7-flash
card-tools22-dog-nova-decide-the-coordinator-s-line-r-r9	qwen/qwen3.7-flash
card-tools22-dog-nova-decide-the-question-and-its-cri-r1	deepseek-v4-flash
card-tools22-dog-nova-decide-the-question-and-its-cri-r2	qwen/qwen3.7-flash
card-tools22-dog-nova-decide-the-question-and-its-cri-r3	qwen/qwen3.7-flash
card-tools22-dog-nova-decide-the-question-and-its-cri-r6	deepseek/deepseek-v4-flash
card-tools22-dog-nova-decide-the-question-and-its-cri-r8	deepseek/deepseek-v4-flash
card-tools22-dog-nova-decide-the-question-and-its-cri-r9	deepseek/deepseek-v4-flash
card-tools22-dog-nova-fuse-first-run-r1	mercury-2.5
card-tools22-dog-nova-fuse-first-run-r2	deepseek/deepseek-v4-flash
card-tools22-dog-nova-fuse-first-run-r3	deepseek/deepseek-v4-flash
card-tools22-dog-nova-fuse-first-run-r4	deepseek-v4-flash
card-tools22-dog-nova-fuse-first-run-r5	deepseek-v4-flash
card-tools22-dog-nova-fuse-first-run-r6	qwen/qwen3.7-flash
card-tools22-dog-nova-fuse-first-run-r7	qwen/qwen3.7-flash
card-tools22-dog-nova-fuse-first-run-r8	qwen/qwen3.7-flash
card-tools22-dog-nova-fuse-first-run-r9	qwen/qwen3.7-flash
card-tools22-dog-nova-memory-first-run-r1	deepseek/deepseek-v4-flash
card-tools22-dog-nova-memory-first-run-r2	mercury-2.5
card-tools22-dog-nova-memory-first-run-r3	mercury-2.5
card-tools22-dog-nova-memory-first-run-r4	qwen/qwen3.7-flash
card-tools22-dog-nova-memory-first-run-r5	qwen/qwen3.7-flash
card-tools22-dog-nova-merge-batch-r1	qwen/qwen3.7-flash
card-tools22-dog-nova-merge-batch-r2	deepseek-v4-flash
card-tools22-dog-nova-merge-batch-r3	deepseek-v4-flash
card-tools22-dog-nova-merge-first-run-r1	mercury-2.5
card-tools22-dog-nova-merge-first-run-r2	deepseek/deepseek-v4-flash
card-tools22-dog-nova-merge-first-run-r3	deepseek/deepseek-v4-flash
card-tools22-dog-nova-merge-queue-r1	mercury-2.5
card-tools22-dog-nova-merge-queue-r2	deepseek/deepseek-v4-flash
card-tools22-dog-nova-merge-queue-r3	deepseek/deepseek-v4-flash
card-tools22-dog-nova-merge-rebase-react-and-classif-r1	deepseek/deepseek-v4-flash
card-tools22-dog-nova-merge-rebase-react-and-classif-r2	mercury-2.5
card-tools22-dog-nova-merge-rebase-react-and-classif-r3	mercury-2.5
card-tools22-dog-nova-merge-simulate-r1	qwen/qwen3.7-flash
card-tools22-dog-nova-merge-simulate-r2	deepseek-v4-flash
card-tools22-dog-nova-merge-simulate-r3	deepseek-v4-flash
card-tools22-dog-nova-play-first-run-r1	deepseek/deepseek-v4-flash
card-tools22-dog-nova-play-first-run-r12	deepseek/deepseek-v4-flash
card-tools22-dog-nova-play-first-run-r14	deepseek-v4-flash
card-tools22-dog-nova-play-first-run-r15	deepseek-v4-flash
card-tools22-dog-nova-play-first-run-r2	mercury-2.5
card-tools22-dog-nova-play-first-run-r3	mercury-2.5
card-tools22-dog-nova-play-first-run-r4	qwen/qwen3.7-flash
card-tools22-dog-nova-play-first-run-r5	qwen/qwen3.7-flash
card-tools22-dog-nova-play-first-run-r6	deepseek-v4-flash
card-tools22-dog-nova-play-first-run-r7	deepseek-v4-flash
card-tools22-dog-nova-play-first-run-r8	deepseek-v4-flash
card-tools22-dog-nova-play-first-run-r9	deepseek-v4-flash
card-tools22-dog-nova-play-the-sidecar-file-and-old-r1	mercury-2.5
card-tools22-dog-nova-play-the-sidecar-file-and-old-r10	deepseek/deepseek-v4-flash
card-tools22-dog-nova-play-the-sidecar-file-and-old-r11	deepseek/deepseek-v4-flash
card-tools22-dog-nova-play-the-sidecar-file-and-old-r14	qwen/qwen3.7-flash
card-tools22-dog-nova-play-the-sidecar-file-and-old-r15	qwen/qwen3.7-flash
card-tools22-dog-nova-play-the-sidecar-file-and-old-r2	deepseek/deepseek-v4-flash
card-tools22-dog-nova-play-the-sidecar-file-and-old-r3	deepseek/deepseek-v4-flash
card-tools22-dog-nova-play-the-sidecar-file-and-old-r4	deepseek-v4-flash
card-tools22-dog-nova-play-the-sidecar-file-and-old-r5	deepseek-v4-flash
card-tools22-dog-nova-play-the-sidecar-file-and-old-r6	qwen/qwen3.7-flash
card-tools22-dog-nova-play-the-sidecar-file-and-old-r7	qwen/qwen3.7-flash
card-tools22-dog-nova-play-the-sidecar-file-and-old-r8	qwen/qwen3.7-flash
card-tools22-dog-nova-play-the-sidecar-file-and-old-r9	qwen/qwen3.7-flash
card-tools22-dog-nova-pulse-cut-r1	mercury-2.5
card-tools22-dog-nova-pulse-cut-r2	deepseek/deepseek-v4-flash
card-tools22-dog-nova-pulse-cut-r3	deepseek/deepseek-v4-flash
card-tools22-dog-nova-pulse-cut-r4	deepseek-v4-flash
card-tools22-dog-nova-pulse-cut-r5	deepseek-v4-flash
card-tools22-dog-nova-pulse-cut-r6	qwen/qwen3.7-flash
card-tools22-dog-nova-pulse-cut-r7	qwen/qwen3.7-flash
card-tools22-dog-nova-pulse-fill-r1	deepseek-v4-flash
card-tools22-dog-nova-pulse-fill-r2	qwen/qwen3.7-flash
card-tools22-dog-nova-pulse-fill-r3	qwen/qwen3.7-flash
card-tools22-dog-nova-pulse-fill-r4	mercury-2.5
card-tools22-dog-nova-pulse-fill-r5	mercury-2.5
card-tools22-dog-nova-pulse-fleet-add-r1	qwen/qwen3.7-flash
card-tools22-dog-nova-pulse-fleet-add-r6	mercury-2.5
card-tools22-dog-nova-pulse-fleet-add-r7	mercury-2.5
card-tools22-dog-nova-pulse-fleet-add-r8	mercury-2.5
card-tools22-dog-nova-pulse-fleet-add-r9	mercury-2.5
card-tools22-dog-nova-pulse-fleet-registry-r2	qwen/qwen3.7-flash
card-tools22-dog-nova-pulse-fleet-registry-r3	qwen/qwen3.7-flash
card-tools22-dog-nova-pulse-fleet-registry-r4	mercury-2.5
card-tools22-dog-nova-pulse-fleet-registry-r5	mercury-2.5
card-tools22-dog-nova-pulse-fleet-registry-r6	deepseek/deepseek-v4-flash
card-tools22-dog-nova-pulse-fleet-registry-r7	deepseek/deepseek-v4-flash
card-tools22-dog-nova-pulse-fleet-registry-r8	deepseek/deepseek-v4-flash
card-tools22-dog-nova-pulse-fleet-registry-r9	deepseek/deepseek-v4-flash
card-tools22-dog-nova-pulse-fleet-standard-mirror-jo-r1	deepseek-v4-flash
card-tools22-dog-nova-pulse-fleet-standard-mirror-jo-r2	qwen/qwen3.7-flash
card-tools22-dog-nova-pulse-fleet-standard-mirror-jo-r3	qwen/qwen3.7-flash
card-tools22-dog-nova-pulse-fleet-standard-mirror-jo-r4	mercury-2.5
card-tools22-dog-nova-pulse-fleet-standard-mirror-jo-r5	mercury-2.5
card-tools22-dog-nova-pulse-fleet-standard-mirror-jo-r6	deepseek/deepseek-v4-flash
card-tools22-dog-nova-pulse-fleet-standard-mirror-jo-r7	deepseek/deepseek-v4-flash
card-tools22-dog-nova-pulse-harvest-r2	qwen/qwen3.7-flash
card-tools22-dog-nova-pulse-hygiene-r2	qwen/qwen3.7-flash
card-tools22-dog-nova-pulse-hygiene-r3	qwen/qwen3.7-flash
card-tools22-dog-nova-pulse-hygiene-r6	deepseek/deepseek-v4-flash
card-tools22-dog-nova-pulse-launch-r2	qwen/qwen3.7-flash
card-tools22-dog-nova-pulse-launch-r9	deepseek/deepseek-v4-flash
card-tools22-dog-nova-pulse-status-r2	qwen/qwen3.7-flash
card-tools22-dog-nova-pulse-status-r3	qwen/qwen3.7-flash
card-tools22-dog-nova-pulse-status-r7	deepseek/deepseek-v4-flash
card-tools22-dog-nova-pulse-status-r9	deepseek/deepseek-v4-flash
card-tools22-dog-nova-pulse-version-r2	deepseek-v4-flash
card-tools22-dog-nova-pulse-version-r3	deepseek-v4-flash
card-tools22-dog-nova-self-talk-first-run-r2	deepseek/deepseek-v4-flash
card-tools22-dog-nova-self-talk-first-run-r3	deepseek/deepseek-v4-flash
card-tools22-dog-nova-self-talk-first-run-r8	qwen/qwen3.7-flash
card-tools22-dog-nova-swarm-first-run-r3	qwen/qwen3.7-flash
card-tools22-dog-nova-swarm-first-run-r5	mercury-2.5
card-tools22-dog-nova-swarm-first-run-r6	deepseek/deepseek-v4-flash
card-tools22-dog-nova-swarm-first-run-r9	deepseek/deepseek-v4-flash
card-tools22-dog-nova-swarm-native-and-batch-r1	deepseek/deepseek-v4-flash
card-tools22-dog-nova-swarm-native-and-batch-r6	deepseek-v4-flash
card-tools22-dog-nova-swarm-native-and-batch-r8	deepseek-v4-flash
card-tools22-dog-nova-swarm-shared-go-caches-for-nat-r1	deepseek-v4-flash
card-tools22-dog-nova-swarm-shared-go-caches-for-nat-r10	deepseek-v4-flash
card-tools22-dog-nova-swarm-shared-go-caches-for-nat-r11	deepseek-v4-flash
card-tools22-dog-nova-swarm-shared-go-caches-for-nat-r12	qwen/qwen3.7-flash
card-tools22-dog-nova-swarm-shared-go-caches-for-nat-r13	qwen/qwen3.7-flash
card-tools22-dog-nova-swarm-shared-go-caches-for-nat-r14	mercury-2.5
card-tools22-dog-nova-swarm-shared-go-caches-for-nat-r15	mercury-2.5
card-tools22-dog-nova-swarm-shared-go-caches-for-nat-r3	qwen/qwen3.7-flash
card-tools22-dog-nova-swarm-shared-go-caches-for-nat-r7	deepseek/deepseek-v4-flash
card-tools22-dog-nova-swarm-the-bench-toolchain-insi-r1	deepseek/deepseek-v4-flash
card-tools22-dog-nova-swarm-the-bench-toolchain-insi-r10	deepseek/deepseek-v4-flash
card-tools22-dog-nova-swarm-the-bench-toolchain-insi-r11	deepseek/deepseek-v4-flash
card-tools22-dog-nova-swarm-the-bench-toolchain-insi-r12	mercury-2.5
card-tools22-dog-nova-swarm-the-bench-toolchain-insi-r13	mercury-2.5
card-tools22-dog-nova-swarm-the-bench-toolchain-insi-r14	qwen/qwen3.7-flash
card-tools22-dog-nova-swarm-the-bench-toolchain-insi-r15	qwen/qwen3.7-flash
card-tools22-dog-nova-swarm-the-bench-toolchain-insi-r4	qwen/qwen3.7-flash
card-tools22-dog-nova-swarm-the-bench-toolchain-insi-r5	qwen/qwen3.7-flash
card-tools22-dog-nova-swarm-the-bench-toolchain-insi-r6	deepseek-v4-flash
card-tools22-dog-nova-swarm-the-bench-toolchain-insi-r7	deepseek-v4-flash
card-tools22-dog-nova-swarm-the-bench-toolchain-insi-r8	deepseek-v4-flash
card-tools22-dog-nova-swarm-the-bench-toolchain-insi-r9	deepseek-v4-flash
card-tools22-dog-nova-swarm-the-card-lint-r1	deepseek-v4-flash
card-tools22-dog-nova-swarm-the-card-lint-r2	qwen/qwen3.7-flash
card-tools22-dog-nova-swarm-the-card-lint-r3	qwen/qwen3.7-flash
card-tools22-dog-nova-swarm-the-harness-contract-r1	qwen/qwen3.7-flash
card-tools22-dog-nova-swarm-the-harness-contract-r6	mercury-2.5
card-tools22-dog-nova-swarm-the-harness-contract-r7	mercury-2.5
card-tools22-dog-nova-tokens-first-run-r1	mercury-2.5
card-tools22-dog-nova-tokens-first-run-r10	deepseek/deepseek-v4-flash
card-tools22-dog-nova-tokens-first-run-r11	deepseek/deepseek-v4-flash
card-tools22-dog-nova-tokens-first-run-r12	mercury-2.5
card-tools22-dog-nova-tokens-first-run-r13	mercury-2.5
card-tools22-dog-nova-tokens-first-run-r14	qwen/qwen3.7-flash
card-tools22-dog-nova-tokens-first-run-r15	qwen/qwen3.7-flash
card-tools22-dog-nova-tokens-first-run-r2	deepseek/deepseek-v4-flash
card-tools22-dog-nova-tokens-first-run-r3	deepseek/deepseek-v4-flash
card-tools22-dog-nova-tokens-first-run-r4	deepseek-v4-flash
card-tools22-dog-nova-tokens-first-run-r5	deepseek-v4-flash
card-tools22-dog-nova-tokens-first-run-r6	qwen/qwen3.7-flash
card-tools22-dog-nova-tokens-first-run-r7	qwen/qwen3.7-flash
card-tools22-dog-nova-tokens-first-run-r8	qwen/qwen3.7-flash
card-tools22-dog-nova-tokens-first-run-r9	qwen/qwen3.7-flash
card-tools22-dog-nova-tokens-worker-pool-usage-r1	deepseek/deepseek-v4-flash
card-tools22-dog-nova-tokens-worker-pool-usage-r10	deepseek-v4-flash
card-tools22-dog-nova-tokens-worker-pool-usage-r11	deepseek-v4-flash
card-tools22-dog-nova-tokens-worker-pool-usage-r12	qwen/qwen3.7-flash
card-tools22-dog-nova-tokens-worker-pool-usage-r13	qwen/qwen3.7-flash
card-tools22-dog-nova-tokens-worker-pool-usage-r14	mercury-2.5
card-tools22-dog-nova-tokens-worker-pool-usage-r15	mercury-2.5
card-tools22-dog-nova-tokens-worker-pool-usage-r3	mercury-2.5
card-tools22-dog-nova-tokens-worker-pool-usage-r4	qwen/qwen3.7-flash
card-tools22-dog-nova-tokens-worker-pool-usage-r5	qwen/qwen3.7-flash
card-tools22-dog-nova-tokens-worker-pool-usage-r6	deepseek-v4-flash
card-tools22-dog-nova-tokens-worker-pool-usage-r7	deepseek-v4-flash
card-tools22-dog-nova-tokens-worker-pool-usage-r8	deepseek-v4-flash
card-tools22-dog-nova-tokens-worker-pool-usage-r9	deepseek-v4-flash
card-tools22-dog-nova-update-first-run-r1	deepseek/deepseek-v4-flash
card-tools22-dog-nova-update-first-run-r10	deepseek-v4-flash
card-tools22-dog-nova-update-first-run-r4	qwen/qwen3.7-flash
card-tools22-dog-nova-update-first-run-r5	qwen/qwen3.7-flash
card-tools22-dog-nova-update-first-run-r6	deepseek-v4-flash
card-tools22-dog-nova-update-first-run-r7	deepseek-v4-flash
card-tools22-dog-nova-update-the-release-verb-r3	deepseek/deepseek-v4-flash
card-tools22-dog-nova-update-the-release-verb-r6	qwen/qwen3.7-flash
card-tools22-dog-nova-update-the-release-verb-r7	qwen/qwen3.7-flash
card-tools22-dog-nova-update-the-release-verb-r8	qwen/qwen3.7-flash
card-tools22-dog-nova-update-the-release-verb-r9	qwen/qwen3.7-flash
card-tools22-dog-nova-version-capture-and-compare-inst-r2	deepseek/deepseek-v4-flash
card-tools22-dog-nova-version-capture-and-compare-inst-r3	deepseek/deepseek-v4-flash
card-tools22-dog-nova-version-capture-and-compare-inst-r5	deepseek-v4-flash
card-tools22-dog-nova-version-capture-and-compare-inst-r7	qwen/qwen3.7-flash
card-tools22-dog-nova-version-capture-and-compare-inst-r8	qwen/qwen3.7-flash
card-tools22-dog-nova-version-first-run-r2	qwen/qwen3.7-flash
card-tools22-dog-nova-version-first-run-r6	deepseek/deepseek-v4-flash
card-tools22-dog-nova-version-first-run-r7	deepseek/deepseek-v4-flash
card-tools22-dog-nova-version-first-run-r9	deepseek/deepseek-v4-flash
card-tools22-dog-nova-wake-first-run-r1	deepseek/deepseek-v4-flash
card-tools22-dog-nova-wake-first-run-r3	mercury-2.5
card-tools22-dog-nova-wake-first-run-r4	qwen/qwen3.7-flash
card-tools22-dog-nova-wake-first-run-r6	deepseek-v4-flash
card-tools22-dog-nova-wake-first-run-r7	deepseek-v4-flash
card-tools22-dog-nova-wake-first-run-r8	deepseek-v4-flash
card-tools22-dog-nova-wake-first-run-r9	deepseek-v4-flash
card-tools22-dog-nova-wake-serve-the-process-outsid-r11	mercury-2.5
card-tools22-dog-nova-wake-serve-the-process-outsid-r12	deepseek/deepseek-v4-flash
card-tools22-dog-nova-wake-serve-the-process-outsid-r13	deepseek/deepseek-v4-flash
card-tools22-dog-nova-wake-serve-the-process-outsid-r2	qwen/qwen3.7-flash
card-tools22-dog-nova-wake-serve-the-process-outsid-r3	qwen/qwen3.7-flash
card-tools22-dog-nova-wake-serve-the-process-outsid-r4	mercury-2.5
card-tools22-dog-nova-wake-serve-the-process-outsid-r5	mercury-2.5
card-tools22-dog-nova-wake-serve-the-process-outsid-r6	deepseek/deepseek-v4-flash
card-tools22-dog-nova-wake-serve-the-process-outsid-r8	deepseek/deepseek-v4-flash
card-tools22-dog-nova-wake-serve-the-process-outsid-r9	deepseek/deepseek-v4-flash
card-tools22-fix-1141	qwen/qwen3.7-flash
card-tools22-fix-1401	mercury-2.5
card-tools22-fix-1458	deepseek-v4-flash
card-tools22-fix-1519	qwen/qwen3.7-flash
card-tools22-fix-1594	deepseek-v4-pro
card-tools22-fix-1604	deepseek-v4-pro
card-tools22-fix-1620	deepseek/deepseek-v4-flash
card-tools22-fix-1625	qwen/qwen3.7-flash
card-tools22-fix-163	deepseek-v4-pro
card-tools22-fix-1643	qwen/qwen3.7-flash
card-tools22-fix-1646	deepseek/deepseek-v4-flash
card-tools22-fix-1647	deepseek-v4-pro
card-tools22-fix-1655	deepseek/deepseek-v4-flash
card-tools22-fix-1660	deepseek/deepseek-v4-flash
card-tools22-fix-1661	deepseek/deepseek-v4-flash
card-tools22-fix-1665	qwen/qwen3.7-flash
card-tools22-fix-1666	deepseek-v4-flash
card-tools22-fix-1668	deepseek-v4-flash
card-tools22-fix-1695	deepseek-v4-pro
card-tools22-fix-1696	deepseek-v4-pro
card-tools22-fix-1760	deepseek-v4-pro
card-tools22-fix-179	deepseek-v4-pro
card-tools22-fix-1792	deepseek-v4-pro
card-tools22-fix-1796	deepseek/deepseek-v4-flash
card-tools22-fix-1807	deepseek-v4-flash
card-tools22-fix-1808	deepseek-v4-flash
card-tools22-fix-1810	deepseek-v4-pro
card-tools22-fix-1811	deepseek-v4-pro
card-tools22-fix-1818	deepseek-v4-pro
card-tools22-fix-1819	deepseek-v4-pro
card-tools22-fix-1821	deepseek-v4-pro
card-tools22-fix-1823	deepseek-v4-pro
card-tools22-fix-1824	mercury-2.5
card-tools22-fix-1850	mercury-2.5
card-tools22-fix-187	deepseek-v4-pro
card-tools22-fix-1890	mercury-2.5
card-tools22-fix-1894	deepseek-v4-flash
card-tools22-fix-1895	deepseek-v4-flash
card-tools22-fix-1896	qwen/qwen3.7-flash
card-tools22-fix-1914	deepseek-v4-pro
card-tools22-fix-1915	deepseek-v4-pro
card-tools22-fix-1936	deepseek-v4-pro
card-tools22-fix-1946	deepseek-v4-pro
card-tools22-fix-1950	deepseek/deepseek-v4-flash
card-tools22-fix-1994	qwen/qwen3.7-flash
card-tools22-fix-2015	deepseek-v4-pro
card-tools22-fix-2017	deepseek-v4-pro
card-tools22-fix-2018	deepseek/deepseek-v4-flash
card-tools22-fix-2019	deepseek-v4-pro
card-tools22-fix-2020	mercury-2.5
card-tools22-fix-2021	mercury-2.5
card-tools22-fix-2035	qwen/qwen3.7-flash
card-tools22-fix-2038	deepseek-v4-pro
card-tools22-fix-2040	deepseek-v4-pro
card-tools22-fix-2043	deepseek-v4-flash
card-tools22-fix-2045	deepseek-v4-pro
card-tools22-fix-2046	deepseek-v4-pro
card-tools22-fix-2063	deepseek/deepseek-v4-flash
card-tools22-fix-2067	qwen/qwen3.7-flash
card-tools22-fix-2069	deepseek-v4-pro
card-tools22-fix-585	deepseek-v4-flash
card-tools22-fix-589	qwen/qwen3.7-flash
card-tools22-guard-0878987f-r1	qwen/qwen3.7-flash
card-tools22-guard-0878987f-r2	deepseek-v4-flash
card-tools22-guard-0878987f-r3	deepseek-v4-flash
card-tools22-guard-0878987f-r4	deepseek/deepseek-v4-flash
card-tools22-guard-0f0e46c0-r1	deepseek/deepseek-v4-flash
card-tools22-guard-0f0e46c0-r5	qwen/qwen3.7-flash
card-tools22-guard-0f0e46c0-r6	deepseek-v4-flash
card-tools22-guard-11aa07a7-r1	qwen/qwen3.7-flash
card-tools22-guard-11aa07a7-r2	deepseek-v4-flash
card-tools22-guard-11aa07a7-r3	deepseek-v4-flash
card-tools22-guard-11aa07a7-r4	deepseek/deepseek-v4-flash
card-tools22-guard-11aa07a7-r5	deepseek/deepseek-v4-flash
card-tools22-guard-1af36d0e-r2	mercury-2.5
card-tools22-guard-1af36d0e-r6	deepseek-v4-flash
card-tools22-guard-1fbb5e20-r1	deepseek-v4-flash
card-tools22-guard-1fbb5e20-r2	qwen/qwen3.7-flash
card-tools22-guard-1fbb5e20-r3	qwen/qwen3.7-flash
card-tools22-guard-1fbb5e20-r6	deepseek/deepseek-v4-flash
card-tools22-guard-23d9698b-r1	deepseek/deepseek-v4-flash
card-tools22-guard-23d9698b-r4	qwen/qwen3.7-flash
card-tools22-guard-23d9698b-r5	qwen/qwen3.7-flash
card-tools22-guard-2d99edbf-r2	qwen/qwen3.7-flash
card-tools22-guard-2d99edbf-r3	qwen/qwen3.7-flash
card-tools22-guard-3666f404-r2	deepseek/deepseek-v4-flash
card-tools22-guard-3666f404-r3	deepseek/deepseek-v4-flash
card-tools22-guard-3666f404-r4	deepseek-v4-flash
card-tools22-guard-3666f404-r5	deepseek-v4-flash
card-tools22-guard-3a90d9c1-r1	qwen/qwen3.7-flash
card-tools22-guard-3a90d9c1-r2	deepseek-v4-flash
card-tools22-guard-485050e3-r5	deepseek-v4-flash
card-tools22-guard-5298f6be-r2	deepseek-v4-flash
card-tools22-guard-6ac72b6a-r2	deepseek/deepseek-v4-flash
card-tools22-guard-6ad85012-r3	deepseek-v4-flash
card-tools22-guard-6ae36df2-r2	deepseek/deepseek-v4-flash
card-tools22-guard-6ae36df2-r3	deepseek/deepseek-v4-flash
card-tools22-guard-706bdaab-r4	qwen/qwen3.7-flash
card-tools22-guard-706bdaab-r5	qwen/qwen3.7-flash
card-tools22-guard-706bdaab-r6	deepseek-v4-flash
card-tools22-guard-84d5b187-r4	qwen/qwen3.7-flash
card-tools22-guard-84d5b187-r6	deepseek-v4-flash
card-tools22-guard-86abcf23-r2	deepseek/deepseek-v4-flash
card-tools22-guard-86abcf23-r3	deepseek/deepseek-v4-flash
card-tools22-guard-86abcf23-r4	deepseek-v4-flash
card-tools22-guard-86abcf23-r5	deepseek-v4-flash
card-tools22-guard-86abcf23-r6	qwen/qwen3.7-flash
card-tools22-guard-8c8c66da-r1	deepseek-v4-flash
card-tools22-guard-8c8c66da-r2	qwen/qwen3.7-flash
card-tools22-guard-8c8c66da-r3	qwen/qwen3.7-flash
card-tools22-guard-8c8c66da-r6	deepseek/deepseek-v4-flash
card-tools22-guard-94b5ca53-r1	qwen/qwen3.7-flash
card-tools22-guard-94b5ca53-r2	deepseek-v4-flash
card-tools22-guard-94b5ca53-r3	deepseek-v4-flash
card-tools22-guard-94b5ca53-r4	deepseek/deepseek-v4-flash
card-tools22-guard-94b5ca53-r5	deepseek/deepseek-v4-flash
card-tools22-guard-a3abdd4a-r1	deepseek-v4-flash
card-tools22-guard-a3abdd4a-r2	qwen/qwen3.7-flash
card-tools22-guard-a3abdd4a-r3	qwen/qwen3.7-flash
card-tools22-guard-a3abdd4a-r6	deepseek/deepseek-v4-flash
card-tools22-guard-a7611c81-r1	qwen/qwen3.7-flash
card-tools22-guard-a7611c81-r2	deepseek-v4-flash
card-tools22-guard-a7611c81-r3	deepseek-v4-flash
card-tools22-guard-a7611c81-r4	deepseek/deepseek-v4-flash
card-tools22-guard-a7611c81-r5	deepseek/deepseek-v4-flash
card-tools22-guard-a78f3ea9-r1	qwen/qwen3.7-flash
card-tools22-guard-a78f3ea9-r2	deepseek-v4-flash
card-tools22-guard-a78f3ea9-r3	deepseek-v4-flash
card-tools22-guard-a78f3ea9-r4	deepseek/deepseek-v4-flash
card-tools22-guard-a78f3ea9-r5	deepseek/deepseek-v4-flash
card-tools22-guard-ad8a697a-r2	deepseek/deepseek-v4-flash
card-tools22-guard-ad8a697a-r3	deepseek/deepseek-v4-flash
card-tools22-guard-ad8a697a-r4	deepseek-v4-flash
card-tools22-guard-ad8a697a-r5	deepseek-v4-flash
card-tools22-guard-ad8a697a-r6	qwen/qwen3.7-flash
card-tools22-guard-c35aa8e0-r1	deepseek-v4-flash
card-tools22-guard-c35aa8e0-r2	qwen/qwen3.7-flash
card-tools22-guard-c35aa8e0-r3	qwen/qwen3.7-flash
card-tools22-guard-c35aa8e0-r6	deepseek/deepseek-v4-flash
card-tools22-guard-c732de08-r1	mercury-2.5
card-tools22-guard-c732de08-r2	deepseek/deepseek-v4-flash
card-tools22-guard-c732de08-r3	deepseek/deepseek-v4-flash
card-tools22-guard-c732de08-r4	deepseek-v4-flash
card-tools22-guard-c732de08-r6	qwen/qwen3.7-flash
card-tools22-guard-e61ec2da-r1	qwen/qwen3.7-flash
card-tools22-guard-e61ec2da-r2	deepseek-v4-flash
card-tools22-guard-e61ec2da-r3	deepseek-v4-flash
card-tools22-guard-e61ec2da-r4	deepseek/deepseek-v4-flash
card-tools22-guard-e61ec2da-r5	deepseek/deepseek-v4-flash
card-tools22-pre-1150-r3	qwen/qwen3.7-flash
card-tools22-pre-1173-r1	qwen/qwen3.7-flash
card-tools22-pre-1201-r1	deepseek/deepseek-v4-flash
card-tools22-pre-1226-r1	deepseek/deepseek-v4-flash
card-tools22-pre-1230-r1	qwen/qwen3.7-flash
card-tools22-pre-1251-r1	deepseek/deepseek-v4-flash
card-tools22-pre-1262-r3	deepseek/deepseek-v4-flash
card-tools22-pre-1263-r3	qwen/qwen3.7-flash
card-tools22-pre-1265-r3	deepseek/deepseek-v4-flash
card-tools22-pre-1266-r1	deepseek/deepseek-v4-flash
card-tools22-pre-1269-r1	deepseek-v4-flash
card-tools22-pre-1274-r1	deepseek-v4-flash
card-tools22-pre-1337-r1	deepseek/deepseek-v4-flash
card-tools22-pre-1340-r1	deepseek/deepseek-v4-flash
card-tools22-pre-1341-r1	qwen/qwen3.7-flash
card-tools22-pre-1345-r3	qwen/qwen3.7-flash
card-tools22-pre-1351-r4	deepseek/deepseek-v4-flash
card-tools22-pre-1358-r3	qwen/qwen3.7-flash
card-tools22-pre-1359-r4	deepseek-v4-flash
card-tools22-pre-1369-r2	deepseek/deepseek-v4-flash
card-tools22-pre-1369-r4	deepseek-v4-flash
card-tools22-pre-1371-r2	deepseek-v4-flash
card-tools22-pre-1371-r4	deepseek/deepseek-v4-flash
card-tools22-pre-1373-r2	deepseek/deepseek-v4-flash
card-tools22-pre-1373-r4	deepseek-v4-flash
card-tools22-pre-1382-r2	qwen/qwen3.7-flash
card-tools22-pre-1382-r4	mercury-2.5
card-tools22-pre-1383-r2	deepseek/deepseek-v4-flash
card-tools22-pre-1383-r4	deepseek-v4-flash
card-tools22-pre-1385-r2	qwen/qwen3.7-flash
card-tools22-pre-1385-r4	mercury-2.5
card-tools22-pre-1388-r1	deepseek-v4-flash
card-tools22-pre-1388-r2	qwen/qwen3.7-flash
card-tools22-pre-1388-r4	mercury-2.5
card-tools22-pre-1389-r1	mercury-2.5
card-tools22-pre-1389-r2	deepseek/deepseek-v4-flash
card-tools22-pre-1389-r4	deepseek-v4-flash
card-tools22-pre-1395-r1	deepseek-v4-flash
card-tools22-pre-1395-r2	qwen/qwen3.7-flash
card-tools22-pre-1395-r4	mercury-2.5
card-tools22-pre-1397-r1	deepseek/deepseek-v4-flash
card-tools22-pre-1397-r4	qwen/qwen3.7-flash
card-tools22-pre-1398-r1	deepseek-v4-flash
card-tools22-pre-1398-r2	qwen/qwen3.7-flash
card-tools22-pre-1398-r4	mercury-2.5
card-tools22-pre-1406-r1	qwen/qwen3.7-flash
card-tools22-pre-1406-r2	deepseek-v4-flash
card-tools22-pre-1406-r4	deepseek/deepseek-v4-flash
card-tools22-pre-1412-r1	deepseek-v4-flash
card-tools22-pre-1412-r2	qwen/qwen3.7-flash
card-tools22-pre-1412-r4	mercury-2.5
card-tools22-pre-1412-r5	mercury-2.5
card-tools22-pre-1413-r1	mercury-2.5
card-tools22-pre-1413-r2	deepseek/deepseek-v4-flash
card-tools22-pre-1413-r4	deepseek-v4-flash
card-tools22-pre-1413-r5	deepseek-v4-flash
card-tools22-pre-1414-r1	mercury-2.5
card-tools22-pre-1414-r2	deepseek/deepseek-v4-flash
card-tools22-pre-1414-r4	deepseek-v4-flash
card-tools22-pre-1414-r5	deepseek-v4-flash
card-tools22-pre-1415-r1	deepseek-v4-flash
card-tools22-pre-1415-r2	qwen/qwen3.7-flash
card-tools22-pre-1415-r4	mercury-2.5
card-tools22-pre-1415-r5	mercury-2.5
card-tools22-pre-1416-r1	qwen/qwen3.7-flash
card-tools22-pre-1416-r2	deepseek-v4-flash
card-tools22-pre-1416-r4	deepseek/deepseek-v4-flash
card-tools22-pre-1416-r5	deepseek/deepseek-v4-flash
card-tools22-pre-1420-r1	deepseek/deepseek-v4-flash
card-tools22-pre-1420-r4	qwen/qwen3.7-flash
card-tools22-pre-1421-r1	qwen/qwen3.7-flash
card-tools22-pre-1421-r2	deepseek-v4-flash
card-tools22-pre-1421-r4	deepseek/deepseek-v4-flash
card-tools22-pre-1423-r1	mercury-2.5
card-tools22-pre-1423-r2	deepseek/deepseek-v4-flash
card-tools22-pre-1423-r4	deepseek-v4-flash
card-tools22-pre-1424-r1	mercury-2.5
card-tools22-pre-1424-r2	deepseek/deepseek-v4-flash
card-tools22-pre-1424-r4	deepseek-v4-flash
card-tools22-pre-1424-r5	deepseek-v4-flash
card-tools22-pre-1425-r2	qwen/qwen3.7-flash
card-tools22-pre-1425-r4	mercury-2.5
card-tools22-pre-1426-r1	qwen/qwen3.7-flash
card-tools22-pre-1426-r2	deepseek-v4-flash
card-tools22-pre-1426-r4	deepseek/deepseek-v4-flash
card-tools22-pre-1427-r1	deepseek/deepseek-v4-flash
card-tools22-pre-1427-r4	qwen/qwen3.7-flash
card-tools22-pre-1428-r1	deepseek-v4-flash
card-tools22-pre-1428-r2	qwen/qwen3.7-flash
card-tools22-pre-1428-r4	mercury-2.5
card-tools22-pre-1429-r1	mercury-2.5
card-tools22-pre-1429-r2	deepseek/deepseek-v4-flash
card-tools22-pre-1429-r4	deepseek-v4-flash
card-tools22-pre-1430-r1	deepseek/deepseek-v4-flash
card-tools22-pre-1430-r4	qwen/qwen3.7-flash
card-tools22-pre-1431-r1	qwen/qwen3.7-flash
card-tools22-pre-1431-r2	deepseek-v4-flash
card-tools22-pre-1431-r4	deepseek/deepseek-v4-flash
card-tools22-pre-1433-r2	deepseek/deepseek-v4-flash
card-tools22-pre-1433-r4	deepseek-v4-flash
card-tools22-pre-1437-r1	deepseek/deepseek-v4-flash
card-tools22-pre-1437-r4	qwen/qwen3.7-flash
card-tools22-pre-1438-r1	deepseek-v4-flash
card-tools22-pre-1438-r2	qwen/qwen3.7-flash
card-tools22-pre-1438-r4	mercury-2.5
card-tools22-pre-1439-r2	deepseek/deepseek-v4-flash
card-tools22-pre-1439-r4	deepseek-v4-flash
card-tools22-pre-1440-r1	deepseek/deepseek-v4-flash
card-tools22-pre-1440-r2	mercury-2.5
card-tools22-pre-1440-r4	qwen/qwen3.7-flash
card-tools22-pre-1443-r2	deepseek/deepseek-v4-flash
card-tools22-pre-1443-r4	deepseek-v4-flash
card-tools22-pre-1444-r2	deepseek/deepseek-v4-flash
card-tools22-pre-1444-r4	deepseek-v4-flash
card-tools22-pre-1446-r1	qwen/qwen3.7-flash
card-tools22-pre-1446-r2	deepseek-v4-flash
card-tools22-pre-1446-r4	deepseek/deepseek-v4-flash
card-tools22-pre-1448-r1	deepseek-v4-flash
card-tools22-pre-1448-r2	qwen/qwen3.7-flash
card-tools22-pre-1448-r4	mercury-2.5
card-tools22-pre-1453-r1	mercury-2.5
card-tools22-pre-1453-r2	deepseek/deepseek-v4-flash
card-tools22-pre-1453-r4	deepseek-v4-flash
card-tools22-pre-1475-r1	deepseek-v4-flash
card-tools22-pre-1475-r2	qwen/qwen3.7-flash
card-tools22-pre-1475-r4	mercury-2.5
card-tools22-pre-1478-r1	deepseek-v4-flash
card-tools22-pre-1478-r2	qwen/qwen3.7-flash
card-tools22-pre-1478-r4	mercury-2.5
card-tools22-pre-1479-r1	mercury-2.5
card-tools22-pre-1479-r2	deepseek/deepseek-v4-flash
card-tools22-pre-1479-r4	deepseek-v4-flash
card-tools22-pre-149-r1	deepseek/deepseek-v4-flash
card-tools22-pre-149-r2	mercury-2.5
card-tools22-pre-149-r4	qwen/qwen3.7-flash
card-tools22-pre-1508-r1	mercury-2.5
card-tools22-pre-1508-r2	deepseek/deepseek-v4-flash
card-tools22-pre-1508-r4	deepseek-v4-flash
card-tools22-pre-1527-r1	qwen/qwen3.7-flash
card-tools22-pre-1527-r2	deepseek-v4-flash
card-tools22-pre-1527-r4	deepseek/deepseek-v4-flash
card-tools22-pre-1534-r1	deepseek-v4-flash
card-tools22-pre-1534-r2	qwen/qwen3.7-flash
card-tools22-pre-1534-r4	mercury-2.5
card-tools22-pre-1541-r1	deepseek/deepseek-v4-flash
card-tools22-pre-1541-r2	mercury-2.5
card-tools22-pre-1541-r4	qwen/qwen3.7-flash
card-tools22-pre-1544-r1	deepseek-v4-flash
card-tools22-pre-1544-r2	qwen/qwen3.7-flash
card-tools22-pre-1544-r4	mercury-2.5
card-tools22-pre-1558-r2	deepseek/deepseek-v4-flash
card-tools22-pre-1558-r4	deepseek-v4-flash
card-tools22-pre-1567-r2	deepseek-v4-flash
card-tools22-pre-1567-r4	deepseek/deepseek-v4-flash
card-tools22-pre-1570-r2	deepseek-v4-flash
card-tools22-pre-1570-r4	deepseek/deepseek-v4-flash
card-tools22-pre-1587-r1	qwen/qwen3.7-flash
card-tools22-pre-1587-r2	deepseek-v4-flash
card-tools22-pre-1587-r4	deepseek/deepseek-v4-flash
card-tools22-pre-1588-r2	deepseek/deepseek-v4-flash
card-tools22-pre-1588-r4	deepseek-v4-flash
card-tools22-pre-1589-r2	qwen/qwen3.7-flash
card-tools22-pre-1589-r4	mercury-2.5
card-tools22-pre-1590-r1	qwen/qwen3.7-flash
card-tools22-pre-1590-r2	deepseek-v4-flash
card-tools22-pre-1590-r4	deepseek/deepseek-v4-flash
card-tools22-pre-1591-r1	deepseek/deepseek-v4-flash
card-tools22-pre-1591-r2	mercury-2.5
card-tools22-pre-1591-r4	qwen/qwen3.7-flash
card-tools22-pre-1592-r2	deepseek/deepseek-v4-flash
card-tools22-pre-1592-r4	deepseek-v4-flash
card-tools22-pre-1615-r1	deepseek/deepseek-v4-flash
card-tools22-pre-1615-r2	mercury-2.5
card-tools22-pre-1615-r4	qwen/qwen3.7-flash
card-tools22-pre-1626-r2	deepseek/deepseek-v4-flash
card-tools22-pre-1626-r4	deepseek-v4-flash
card-tools22-pre-1630-r1	deepseek-v4-flash
card-tools22-pre-1630-r2	qwen/qwen3.7-flash
card-tools22-pre-1630-r4	mercury-2.5
card-tools22-pre-1633-r1	qwen/qwen3.7-flash
card-tools22-pre-1633-r2	deepseek-v4-flash
card-tools22-pre-1633-r4	deepseek/deepseek-v4-flash
card-tools22-pre-1635-r1	deepseek/deepseek-v4-flash
card-tools22-pre-1635-r2	mercury-2.5
card-tools22-pre-1635-r4	qwen/qwen3.7-flash
card-tools22-pre-1672-r1	deepseek/deepseek-v4-flash
card-tools22-pre-1672-r2	mercury-2.5
card-tools22-pre-1672-r4	qwen/qwen3.7-flash
card-tools22-pre-1676-r2	deepseek/deepseek-v4-flash
card-tools22-pre-1676-r4	deepseek-v4-flash
card-tools22-pre-1678-r1	deepseek/deepseek-v4-flash
card-tools22-pre-1678-r2	mercury-2.5
card-tools22-pre-1678-r4	qwen/qwen3.7-flash
card-tools22-pre-1680-r1	deepseek-v4-flash
card-tools22-pre-1680-r2	qwen/qwen3.7-flash
card-tools22-pre-1680-r4	mercury-2.5
card-tools22-pre-1687-r1	deepseek-v4-flash
card-tools22-pre-1687-r2	qwen/qwen3.7-flash
card-tools22-pre-1687-r4	mercury-2.5
card-tools22-pre-1692-r2	mercury-2.5
card-tools22-pre-1692-r4	qwen/qwen3.7-flash
card-tools22-pre-1693-r1	qwen/qwen3.7-flash
card-tools22-pre-1693-r2	deepseek-v4-flash
card-tools22-pre-1693-r4	deepseek/deepseek-v4-flash
card-tools22-pre-1701-r1	deepseek-v4-flash
card-tools22-pre-1701-r2	qwen/qwen3.7-flash
card-tools22-pre-1701-r4	mercury-2.5
card-tools22-pre-1704-r2	mercury-2.5
card-tools22-pre-1704-r4	qwen/qwen3.7-flash
card-tools22-pre-1712-r1	qwen/qwen3.7-flash
card-tools22-pre-1712-r2	deepseek-v4-flash
card-tools22-pre-1712-r4	deepseek/deepseek-v4-flash
card-tools22-pre-1721-r1	deepseek-v4-flash
card-tools22-pre-1721-r2	qwen/qwen3.7-flash
card-tools22-pre-1721-r4	mercury-2.5
card-tools22-pre-1723-r1	deepseek/deepseek-v4-flash
card-tools22-pre-1723-r2	mercury-2.5
card-tools22-pre-1723-r4	qwen/qwen3.7-flash
card-tools22-pre-1730-r2	deepseek/deepseek-v4-flash
card-tools22-pre-1730-r4	deepseek-v4-flash
card-tools22-pre-1734-r1	deepseek/deepseek-v4-flash
card-tools22-pre-1734-r2	mercury-2.5
card-tools22-pre-1734-r4	qwen/qwen3.7-flash
card-tools22-pre-1736-r2	qwen/qwen3.7-flash
card-tools22-pre-1736-r4	mercury-2.5
card-tools22-pre-1759-r1	deepseek/deepseek-v4-flash
card-tools22-pre-1759-r2	mercury-2.5
card-tools22-pre-1759-r4	qwen/qwen3.7-flash
card-tools22-pre-1762-r1	qwen/qwen3.7-flash
card-tools22-pre-1762-r2	deepseek-v4-flash
card-tools22-pre-1762-r4	deepseek/deepseek-v4-flash
card-tools22-pre-1776-r1	deepseek-v4-flash
card-tools22-pre-1776-r2	qwen/qwen3.7-flash
card-tools22-pre-1776-r4	mercury-2.5
card-tools22-pre-1781-r1	deepseek-v4-flash
card-tools22-pre-1781-r2	qwen/qwen3.7-flash
card-tools22-pre-1781-r4	mercury-2.5
card-tools22-pre-1782-r2	deepseek-v4-flash
card-tools22-pre-1833-r2	qwen/qwen3.7-flash
card-tools22-pre-1833-r3	qwen/qwen3.7-flash
card-tools22-pre-1837-r2	deepseek-v4-flash
card-tools22-pre-1837-r3	deepseek-v4-flash
card-tools22-pre-1839-r1	deepseek-v4-flash
card-tools22-pre-1839-r2	qwen/qwen3.7-flash
card-tools22-pre-1839-r3	qwen/qwen3.7-flash
card-tools22-pre-1840-r2	deepseek-v4-flash
card-tools22-pre-1840-r3	deepseek-v4-flash
card-tools22-pre-1841-r1	deepseek/deepseek-v4-flash
card-tools22-pre-1841-r2	mercury-2.5
card-tools22-pre-1857-r2	deepseek-v4-flash
card-tools22-pre-1857-r3	deepseek-v4-flash
card-tools22-pre-1858-r2	deepseek/deepseek-v4-flash
card-tools22-pre-1858-r3	deepseek/deepseek-v4-flash
card-tools22-pre-1860-r2	deepseek-v4-flash
card-tools22-pre-1860-r3	deepseek-v4-flash
card-tools22-pre-1863-r2	qwen/qwen3.7-flash
card-tools22-pre-1863-r3	qwen/qwen3.7-flash
card-tools22-pre-1864-r1	deepseek-v4-flash
card-tools22-pre-1864-r2	qwen/qwen3.7-flash
card-tools22-pre-1864-r3	qwen/qwen3.7-flash
card-tools22-pre-1865-r2	deepseek/deepseek-v4-flash
card-tools22-pre-1865-r3	deepseek/deepseek-v4-flash
card-tools22-pre-1866-r2	mercury-2.5
card-tools22-pre-1867-r2	deepseek-v4-flash
card-tools22-pre-1867-r3	deepseek-v4-flash
card-tools22-pre-1869-r1	deepseek-v4-flash
card-tools22-pre-1869-r2	qwen/qwen3.7-flash
card-tools22-pre-1869-r3	qwen/qwen3.7-flash
card-tools22-pre-1870-r1	qwen/qwen3.7-flash
card-tools22-pre-1870-r2	deepseek-v4-flash
card-tools22-pre-1870-r3	deepseek-v4-flash
card-tools22-pre-1872-r1	mercury-2.5
card-tools22-pre-1872-r2	deepseek/deepseek-v4-flash
card-tools22-pre-1872-r3	deepseek/deepseek-v4-flash
card-tools22-pre-1873-r1	deepseek-v4-flash
card-tools22-pre-1873-r2	qwen/qwen3.7-flash
card-tools22-pre-1876-r1	deepseek/deepseek-v4-flash
card-tools22-pre-1876-r2	mercury-2.5
card-tools22-pre-1889-r1	deepseek-v4-flash
card-tools22-pre-1889-r2	qwen/qwen3.7-flash
card-tools22-pre-1889-r3	qwen/qwen3.7-flash
card-tools22-pre-1912-r1	deepseek-v4-flash
card-tools22-pre-1912-r2	qwen/qwen3.7-flash
card-tools22-pre-1912-r3	qwen/qwen3.7-flash
card-tools22-pre-1913-r1	mercury-2.5
card-tools22-pre-1913-r2	deepseek/deepseek-v4-flash
card-tools22-pre-1913-r3	deepseek/deepseek-v4-flash
card-tools22-pre-1916-r1	qwen/qwen3.7-flash
card-tools22-pre-1916-r2	deepseek-v4-flash
card-tools22-pre-1916-r3	deepseek-v4-flash
card-tools22-pre-1916-r4	deepseek/deepseek-v4-flash
card-tools22-pre-1917-r1	deepseek/deepseek-v4-flash
card-tools22-pre-1917-r2	mercury-2.5
card-tools22-pre-1917-r4	qwen/qwen3.7-flash
card-tools22-pre-1918-r1	deepseek-v4-flash
card-tools22-pre-1918-r2	qwen/qwen3.7-flash
card-tools22-pre-1918-r3	qwen/qwen3.7-flash
card-tools22-pre-1918-r4	mercury-2.5
card-tools22-pre-1919-r1	mercury-2.5
card-tools22-pre-1919-r2	deepseek/deepseek-v4-flash
card-tools22-pre-1919-r3	deepseek/deepseek-v4-flash
card-tools22-pre-1920-r1	deepseek/deepseek-v4-flash
card-tools22-pre-1920-r2	mercury-2.5
card-tools22-pre-1926-r1	qwen/qwen3.7-flash
card-tools22-pre-1926-r2	deepseek-v4-flash
card-tools22-pre-1941-r1	qwen/qwen3.7-flash
card-tools22-pre-1941-r2	deepseek-v4-flash
card-tools22-pre-1954-r1	mercury-2.5
card-tools22-pre-1954-r2	deepseek/deepseek-v4-flash
card-tools22-pre-1955-r1	deepseek-v4-flash
card-tools22-pre-1955-r2	qwen/qwen3.7-flash
card-tools22-pre-1956-r1	qwen/qwen3.7-flash
card-tools22-pre-1956-r2	deepseek-v4-flash
card-tools22-pre-1965-r1	deepseek-v4-flash
card-tools22-pre-1965-r2	qwen/qwen3.7-flash
card-tools22-pre-1973-r2	deepseek/deepseek-v4-flash
card-tools22-pre-1980-r1	deepseek/deepseek-v4-flash
card-tools22-pre-1980-r2	mercury-2.5
card-tools22-pre-1986-r1	qwen/qwen3.7-flash
card-tools22-pre-1986-r2	deepseek-v4-flash
card-tools22-pre-1988-r1	deepseek-v4-flash
card-tools22-pre-1988-r2	qwen/qwen3.7-flash
card-tools22-pre-1990-r1	deepseek/deepseek-v4-flash
card-tools22-pre-1990-r2	mercury-2.5
card-tools22-pre-1992-r1	deepseek-v4-flash
card-tools22-pre-1992-r2	qwen/qwen3.7-flash
card-tools22-pre-1992-r4	mercury-2.5
card-tools22-pre-1995-r1	deepseek-v4-flash
card-tools22-pre-1995-r2	qwen/qwen3.7-flash
card-tools22-pre-1996-r1	qwen/qwen3.7-flash
card-tools22-pre-1996-r2	deepseek-v4-flash
card-tools22-pre-1998-r1	deepseek-v4-flash
card-tools22-pre-1998-r2	qwen/qwen3.7-flash
card-tools22-pre-1999-r2	deepseek/deepseek-v4-flash
card-tools22-pre-1999-r4	deepseek-v4-flash
card-tools22-pre-2002-r2	deepseek/deepseek-v4-flash
card-tools22-pre-2003-r1	deepseek-v4-flash
card-tools22-pre-2003-r2	qwen/qwen3.7-flash
card-tools22-pre-2004-r1	deepseek-v4-flash
card-tools22-pre-2004-r2	qwen/qwen3.7-flash
card-tools22-pre-2005-r2	deepseek/deepseek-v4-flash
card-tools22-pre-2006-r1	deepseek/deepseek-v4-flash
card-tools22-pre-2006-r2	mercury-2.5
card-tools22-pre-2006-r4	qwen/qwen3.7-flash
card-tools22-pre-2029-r1	deepseek-v4-flash
card-tools22-pre-2044-r1	deepseek-v4-flash
card-tools22-pre-2044-r4	mercury-2.5
card-tools22-pre-2056-r1	deepseek/deepseek-v4-flash
card-tools22-pre-2059-r1	deepseek-v4-flash
card-tools22-pre-2071-r1	deepseek/deepseek-v4-flash
card-tools22-pre-2071-r4	qwen/qwen3.7-flash
card-tools22-pre-2073-r1	deepseek-v4-flash
card-tools22-pre-2076-r1	deepseek/deepseek-v4-flash
card-tools22-pre-2076-r4	qwen/qwen3.7-flash
card-tools22-pre-2077-r1	qwen/qwen3.7-flash
card-tools22-pre-2077-r4	deepseek/deepseek-v4-flash
card-tools22-pre-2078-r1	mercury-2.5
card-tools22-pre-2083-r1	deepseek-v4-flash
card-tools22-pre-2086-r1	deepseek/deepseek-v4-flash
card-tools22-pre-2087-r1	qwen/qwen3.7-flash
card-tools22-pre-2091-r1	deepseek/deepseek-v4-flash
card-tools22-pre-2093-r1	deepseek-v4-flash
card-tools22-pre-2094-r1	deepseek-v4-flash
card-tools22-pre-2096-r1	deepseek/deepseek-v4-flash
card-tools22-pre-2097-r1	qwen/qwen3.7-flash
card-tools22-pre-2098-r4	deepseek-v4-flash
card-tools22-pre-2099-r1	deepseek-v4-flash
card-tools22-pre-2100-r1	deepseek/deepseek-v4-flash
card-tools22-pre-2101-r1	qwen/qwen3.7-flash
card-tools22-pre-2102-r1	deepseek-v4-flash
card-tools22-pre-2108-r1	deepseek-v4-flash
card-tools22-pre-2108-r3	deepseek/deepseek-v4-flash
card-tools22-pre-2109-r3	deepseek/deepseek-v4-flash
card-tools22-pre-2109-r4	deepseek-v4-flash
card-tools22-pre-2115-r1	deepseek-v4-flash
card-tools22-pre-2115-r2	deepseek-v4-flash
card-tools22-pre-2115-r3	qwen/qwen3.7-flash
card-tools22-pre-2116-r1	qwen/qwen3.7-flash
card-tools22-pre-2116-r4	qwen/qwen3.7-flash
card-tools22-pre-2117-r1	deepseek/deepseek-v4-flash
card-tools22-pre-2118-r1	deepseek-v4-flash
card-tools22-pre-2118-r2	deepseek-v4-flash
card-tools22-pre-2119-r5	deepseek-v4-flash
card-tools22-pre-2120-r1	deepseek/deepseek-v4-flash
card-tools22-pre-2121-r1	qwen/qwen3.7-flash
card-tools22-pre-2122-r1	deepseek-v4-flash
card-tools22-pre-2125-r1	deepseek-v4-flash
card-tools22-pre-2126-r1	qwen/qwen3.7-flash
card-tools22-pre-2127-r1	deepseek/deepseek-v4-flash
card-tools22-pre-2128-r1	deepseek-v4-flash
card-tools22-pre-2130-r1	deepseek/deepseek-v4-flash
card-tools22-pre-2131-r1	qwen/qwen3.7-flash
card-tools22-pre-2132-r1	deepseek-v4-flash
card-tools22-pre-2133-r1	mercury-2.5
card-tools22-pre-2134-r1	mercury-2.5
card-tools22-pre-2135-r1	deepseek-v4-flash
card-tools22-pre-2136-r1	qwen/qwen3.7-flash
card-tools22-pre-2137-r1	deepseek/deepseek-v4-flash
card-tools22-pre-2138-r1	deepseek-v4-flash
card-tools22-pre-2139-r1	mercury-2.5
card-tools22-pre-2140-r1	deepseek/deepseek-v4-flash
card-tools22-pre-2141-r1	qwen/qwen3.7-flash
card-tools22-pre-2142-r1	deepseek-v4-flash
card-tools22-pre-2143-r1	mercury-2.5
card-tools22-pre-2145-r1	deepseek-v4-flash
card-tools22-pre-2146-r1	qwen/qwen3.7-flash
card-tools22-pre-2146-r4	deepseek/deepseek-v4-flash
card-tools22-pre-2147-r1	deepseek/deepseek-v4-flash
card-tools22-pre-2147-r4	qwen/qwen3.7-flash
card-tools22-pre-2148-r1	deepseek-v4-flash
card-tools22-pre-2148-r4	mercury-2.5
card-tools22-pre-2149-r1	mercury-2.5
card-tools22-pre-2150-r1	deepseek/deepseek-v4-flash
card-tools22-pre-2150-r4	qwen/qwen3.7-flash
card-tools22-pre-2151-r1	qwen/qwen3.7-flash
card-tools22-pre-2151-r4	deepseek/deepseek-v4-flash
card-tools22-pre-2152-r1	deepseek-v4-flash
card-tools22-pre-2152-r4	mercury-2.5
card-tools22-pre-2153-r1	mercury-2.5
card-tools22-pre-2153-r4	deepseek-v4-flash
card-tools22-pre-2154-r1	mercury-2.5
card-tools22-pre-236-r1	qwen/qwen3.7-flash
card-tools22-pre-237-r1	deepseek/deepseek-v4-flash
card-tools22-pre-237-r4	qwen/qwen3.7-flash
card-tools22-pre-238-r1	deepseek-v4-flash
card-tools22-pre-238-r4	mercury-2.5
card-tools22-pre-240-r1	deepseek/deepseek-v4-flash
card-tools22-pre-240-r4	qwen/qwen3.7-flash
card-tools22-pre-242-r1	deepseek-v4-flash
card-tools22-pre-242-r4	mercury-2.5
card-tools22-pre-243-r1	mercury-2.5
card-tools22-pre-244-r1	mercury-2.5
card-tools22-pre-245-r1	deepseek-v4-flash
card-tools22-pre-245-r4	mercury-2.5
card-tools22-pre-349-r1	deepseek-v4-flash
card-tools22-pre-349-r4	mercury-2.5
card-tools22-pre-580-r1	deepseek/deepseek-v4-flash
card-tools22-pre-580-r5	deepseek-v4-flash
card-tools22-pre-599-r1	mercury-2.5
card-tools22-pre-599-r4	deepseek-v4-flash
card-tools22-pre-642-r1	qwen/qwen3.7-flash
card-tools22-pre-680-r1	mercury-2.5
card-tools22-pre-680-r4	deepseek-v4-flash
card-tools22-pre-776-r1	mercury-2.5
card-tools22-pre-814-r1	mercury-2.5
card-tools22-pre-814-r4	deepseek-v4-flash
card-tools22-pre-864-r1	mercury-2.5
card-tools22-pre-864-r5	deepseek/deepseek-v4-flash
card-tools22-pre-865-r1	deepseek-v4-flash
card-tools22-pre-865-r2	deepseek/deepseek-v4-flash
card-tools22-pre-865-r3	deepseek-v4-flash
card-tools22-pre-865-r4	mercury-2.5
card-tools22-pre-867-r1	deepseek/deepseek-v4-flash
card-tools22-pre-867-r4	qwen/qwen3.7-flash
card-tools22-pre-868-r1	deepseek-v4-flash
card-tools22-pre-868-r4	mercury-2.5
card-tools22-pre-923-r1	deepseek-v4-flash
card-tools22-pre-923-r4	mercury-2.5
card-tools22-pre-930-r1	qwen/qwen3.7-flash
card-tools22-pre-930-r4	deepseek/deepseek-v4-flash
card-tools22-pre-930-r5	deepseek/deepseek-v4-flash
card-tools22-pre-989-r1	deepseek-v4-flash
card-tools22-pre-989-r4	mercury-2.5
card-tools22-pre-989-r5	mercury-2.5
card-tools22-rule-board-1	deepseek-v4-flash
card-tools22-rule-board-1-L712	deepseek-v4-flash
card-tools22-rule-board-1-L962	qwen/qwen3.7-flash
card-tools22-rule-board-10-L938	qwen/qwen3.7-flash
card-tools22-rule-bus-12	qwen/qwen3.7-flash
card-tools22-rule-bus-2	qwen/qwen3.7-flash
card-tools22-rule-bus-3	qwen/qwen3.7-flash
card-tools22-rule-bus-4	mercury-2.5
card-tools22-rule-bus-5	mercury-2.5
card-tools22-rule-bus-6	deepseek/deepseek-v4-flash
card-tools22-rule-bus-7	deepseek/deepseek-v4-flash
card-tools22-rule-bus-8	deepseek/deepseek-v4-flash
card-tools22-rule-bus-9	deepseek/deepseek-v4-flash
card-tools22-rule-bus-delivery-1	qwen/qwen3.7-flash
card-tools22-rule-bus-delivery-2	deepseek-v4-flash
card-tools22-rule-bus-delivery-3	deepseek-v4-flash
card-tools22-rule-bus-delivery-4	deepseek/deepseek-v4-flash
card-tools22-rule-bus-reply-2-L1033	qwen/qwen3.7-flash
card-tools22-rule-bus-reply-2-L129	deepseek-v4-flash
card-tools22-rule-bus-reply-2-L332	qwen/qwen3.7-flash
card-tools22-rule-ci-8	deepseek/deepseek-v4-flash
card-tools22-rule-decide-5-L58	mercury-2.5
card-tools22-rule-decide-6-L1822	deepseek-v4-flash
card-tools22-rule-decide-6-L66	deepseek-v4-flash
card-tools22-rule-decide-7-L1825	deepseek-v4-flash
card-tools22-rule-decide-7-L73	deepseek/deepseek-v4-flash
card-tools22-rule-decide-8-L1827	deepseek-v4-flash
card-tools22-rule-decide-8-L79	qwen/qwen3.7-flash
card-tools22-rule-decide-9-L1829	deepseek/deepseek-v4-flash
card-tools22-rule-decide-9-L86	deepseek/deepseek-v4-flash
card-tools22-rule-fleet-kube-1-L195	qwen/qwen3.7-flash
card-tools22-rule-fleet-kube-2-L201	deepseek-v4-flash
card-tools22-rule-fleet-kube-3-L207	qwen/qwen3.7-flash
card-tools22-rule-jobs-2-L321	mercury-2.5
card-tools22-rule-local-1-L469	qwen/qwen3.7-flash
card-tools22-rule-local-1-L51	deepseek/deepseek-v4-flash
card-tools22-rule-local-1-L565	qwen/qwen3.7-flash
card-tools22-rule-local-1-L596	mercury-2.5
card-tools22-rule-local-10-L119	deepseek-v4-flash
card-tools22-rule-local-10-L502	qwen/qwen3.7-flash
card-tools22-rule-local-10-L605	qwen/qwen3.7-flash
card-tools22-rule-local-11-L124	qwen/qwen3.7-flash
card-tools22-rule-local-11-L504	deepseek-v4-flash
card-tools22-rule-local-11-L606	mercury-2.5
card-tools22-rule-local-12-L131	deepseek/deepseek-v4-flash
card-tools22-rule-local-12-L507	deepseek-v4-flash
card-tools22-rule-local-12-L607	deepseek/deepseek-v4-flash
card-tools22-rule-local-13-L134	deepseek/deepseek-v4-flash
card-tools22-rule-local-13-L509	mercury-2.5
card-tools22-rule-local-13-L608	qwen/qwen3.7-flash
card-tools22-rule-local-14-L138	mercury-2.5
card-tools22-rule-pulse-1	deepseek-v4-pro
card-tools22-rule-pulse-11	deepseek-v4-pro
card-tools22-rule-pulse-12	deepseek-v4-pro
card-tools22-rule-pulse-17	deepseek-v4-pro
card-tools22-rule-pulse-17-L716	deepseek-v4-pro
card-tools22-rule-pulse-18	deepseek-v4-pro
card-tools22-rule-pulse-18-L1902	deepseek-v4-pro
card-tools22-rule-pulse-18-L292	deepseek-v4-pro
card-tools22-rule-pulse-18-L717	deepseek-v4-pro
card-tools22-rule-pulse-2	deepseek-v4-pro
card-tools22-rule-pulse-23	deepseek-v4-pro
card-tools22-rule-pulse-25	deepseek-v4-pro
card-tools22-rule-pulse-26	deepseek-v4-pro
card-tools22-rule-pulse-3-L1831	deepseek-v4-pro
card-tools22-rule-pulse-36	deepseek-v4-pro
card-tools22-rule-pulse-37	deepseek-v4-pro
card-tools22-rule-pulse-38	deepseek-v4-pro
card-tools22-rule-pulse-42	deepseek-v4-pro
card-tools22-rule-pulse-43	deepseek-v4-pro
card-tools22-rule-pulse-46	deepseek-v4-pro
card-tools22-rule-pulse-47	deepseek-v4-pro
card-tools22-rule-pulse-48	deepseek-v4-pro
card-tools22-rule-pulse-49	deepseek-v4-pro
card-tools22-rule-pulse-5	deepseek-v4-pro
card-tools22-rule-pulse-5-L2372	deepseek-v4-pro
card-tools22-rule-pulse-5-L2415	deepseek-v4-pro
card-tools22-rule-pulse-5-L2510	deepseek-v4-pro
card-tools22-rule-pulse-5-L704	deepseek-v4-pro
card-tools22-rule-pulse-5-L94	deepseek-v4-pro
card-tools22-rule-pulse-50	deepseek-v4-pro
card-tools22-rule-pulse-50-L2002	deepseek-v4-pro
card-tools22-rule-pulse-51	deepseek-v4-pro
card-tools22-rule-pulse-51-L2006	deepseek-v4-pro
card-tools22-rule-pulse-52	deepseek-v4-pro
card-tools22-rule-pulse-52-L2015	deepseek-v4-pro
card-tools22-rule-pulse-53	deepseek-v4-pro
card-tools22-rule-pulse-53-L2020	deepseek-v4-pro
card-tools22-rule-pulse-54	deepseek-v4-pro
card-tools22-rule-pulse-54-L2024	deepseek-v4-pro
card-tools22-rule-pulse-55	deepseek-v4-pro
card-tools22-rule-pulse-55-L2029	deepseek-v4-pro
card-tools22-rule-pulse-56	deepseek-v4-pro
card-tools22-rule-pulse-56-L2033	deepseek-v4-pro
card-tools22-rule-pulse-57	deepseek-v4-pro
card-tools22-rule-pulse-57-L2038	deepseek-v4-pro
card-tools22-rule-pulse-58	deepseek-v4-pro
card-tools22-rule-pulse-58-L2043	deepseek-v4-pro
card-tools22-rule-pulse-59	deepseek-v4-pro
card-tools22-rule-pulse-6	deepseek-v4-pro
card-tools22-rule-pulse-60	deepseek-v4-pro
card-tools22-rule-pulse-61	deepseek-v4-pro
card-tools22-rule-pulse-62	deepseek-v4-pro
card-tools22-rule-pulse-63	deepseek-v4-pro
card-tools22-rule-pulse-64	deepseek-v4-pro
card-tools22-rule-pulse-65	deepseek-v4-pro
card-tools22-rule-pulse-65-L2077	deepseek-v4-pro
card-tools22-rule-pulse-66	deepseek-v4-pro
card-tools22-rule-pulse-66-L2080	deepseek-v4-pro
card-tools22-rule-pulse-67	deepseek-v4-pro
card-tools22-rule-pulse-67-L2084	deepseek-v4-pro
card-tools22-rule-pulse-68	deepseek-v4-pro
card-tools22-rule-pulse-68-L2088	deepseek-v4-pro
card-tools22-rule-pulse-69	deepseek-v4-pro
card-tools22-rule-pulse-69-L2092	deepseek-v4-pro
card-tools22-rule-pulse-7	deepseek-v4-pro
card-tools22-rule-pulse-7-L1077	deepseek-v4-pro
card-tools22-rule-pulse-7-L111	deepseek-v4-pro
card-tools22-rule-pulse-7-L1262	deepseek-v4-pro
card-tools22-rule-pulse-7-L1633	deepseek-v4-pro
card-tools22-rule-pulse-7-L1782	deepseek-v4-pro
card-tools22-rule-pulse-7-L1845	deepseek-v4-pro
card-tools22-rule-pulse-7-L2241	deepseek-v4-pro
card-tools22-rule-pulse-7-L2320	deepseek-v4-pro
card-tools22-rule-pulse-7-L2354	deepseek-v4-pro
card-tools22-rule-pulse-7-L2374	deepseek-v4-pro
card-tools22-rule-pulse-7-L2429	deepseek-v4-pro
card-tools22-rule-pulse-7-L2513	deepseek-v4-pro
card-tools22-rule-pulse-7-L706	deepseek-v4-pro
card-tools22-rule-pulse-70	deepseek-v4-pro
card-tools22-rule-pulse-70-L2096	deepseek-v4-pro
card-tools22-rule-pulse-8	deepseek-v4-pro
card-tools22-rule-pulse-8-L1081	deepseek-v4-pro
card-tools22-rule-pulse-8-L1264	deepseek-v4-pro
card-tools22-rule-pulse-8-L131	deepseek-v4-pro
card-tools22-rule-pulse-8-L1636	deepseek-v4-pro
card-tools22-rule-pulse-8-L1848	deepseek-v4-pro
card-tools22-rule-pulse-8-L2245	deepseek-v4-pro
card-tools22-rule-pulse-8-L2322	deepseek-v4-pro
card-tools22-rule-pulse-8-L2356	deepseek-v4-pro
card-tools22-rule-pulse-8-L2375	deepseek-v4-pro
card-tools22-rule-pulse-8-L2434	deepseek-v4-pro
card-tools22-rule-pulse-8-L2514	deepseek-v4-pro
card-tools22-rule-pulse-8-L707	deepseek-v4-pro
card-tools22-rule-pulse-9	deepseek-v4-pro
card-tools22-rule-pulse-9-L1083	deepseek-v4-pro
card-tools22-rule-pulse-9-L136	deepseek-v4-pro
card-tools22-rule-pulse-9-L1642	deepseek-v4-pro
card-tools22-rule-pulse-9-L2251	deepseek-v4-pro
card-tools22-rule-pulse-9-L2324	deepseek-v4-pro
card-tools22-rule-pulse-9-L2442	deepseek-v4-pro
card-tools22-rule-pulse-9-L2517	deepseek-v4-pro
card-tools22-rule-pulse-9-L708	deepseek-v4-pro
card-tools22-rule-release-2	qwen/qwen3.7-flash
card-tools22-rule-release-3-L271	qwen/qwen3.7-flash
card-tools22-rule-review-13-L588	deepseek-v4-flash
card-tools22-rule-review-5	deepseek-v4-flash
card-tools22-rule-review-5-L1145	deepseek/deepseek-v4-flash
card-tools22-rule-review-5-L1157	deepseek/deepseek-v4-flash
card-tools22-rule-review-5-L1846	qwen/qwen3.7-flash
card-tools22-rule-review-5-L2152	qwen/qwen3.7-flash
card-tools22-rule-review-5-L236	deepseek-v4-flash
card-tools22-rule-review-6	deepseek/deepseek-v4-flash
card-tools22-rule-review-6-L1158	qwen/qwen3.7-flash
card-tools22-rule-review-6-L1863	deepseek-v4-flash
card-tools22-rule-review-6-L2157	qwen/qwen3.7-flash
card-tools22-rule-review-6-L252	deepseek-v4-flash
card-tools22-rule-review-7-L1159	deepseek-v4-flash
card-tools22-rule-review-7-L1876	deepseek/deepseek-v4-flash
card-tools22-rule-review-7-L269	deepseek/deepseek-v4-flash
card-tools22-rule-sandbox-2-L2254	qwen/qwen3.7-flash
card-tools22-rule-sandbox-2-L2583	deepseek/deepseek-v4-flash
card-tools22-rule-sandbox-25-L2505	deepseek/deepseek-v4-flash
card-tools22-rule-sandbox-27	deepseek-v4-flash
card-tools22-rule-sandbox-28	qwen/qwen3.7-flash
card-tools22-rule-sandbox-3-L1000	deepseek/deepseek-v4-flash
card-tools22-rule-sandbox-3-L1536	deepseek/deepseek-v4-flash
card-tools22-rule-sandbox-3-L1612	deepseek-v4-flash
card-tools22-rule-sandbox-3-L1670	deepseek/deepseek-v4-flash
card-tools22-rule-sandbox-3-L1797	qwen/qwen3.7-flash
card-tools22-rule-sandbox-3-L2209	deepseek-v4-flash
card-tools22-rule-sandbox-3-L2256	qwen/qwen3.7-flash
card-tools22-rule-sandbox-3-L2591	deepseek-v4-flash
card-tools22-rule-sandbox-3-L2639	deepseek/deepseek-v4-flash
card-tools22-rule-secrets-6	deepseek/deepseek-v4-flash
card-tools22-rule-secrets-6-L282	deepseek-v4-flash
card-tools22-rule-secrets-6-L893	deepseek-v4-flash
card-tools22-rule-state-4-L345	deepseek-v4-flash
card-tools22-rule-swarm-1	deepseek-v4-pro
card-tools22-rule-swarm-1-L2005	deepseek-v4-pro
card-tools22-rule-swarm-1-L2356	deepseek-v4-pro
card-tools22-rule-swarm-1-L2444	deepseek-v4-pro
card-tools22-rule-swarm-1-L2740	deepseek-v4-pro
card-tools22-rule-swarm-1-L2793	deepseek-v4-pro
card-tools22-rule-swarm-1-L2805	deepseek-v4-pro
card-tools22-rule-swarm-1-L3183	deepseek-v4-pro
card-tools22-rule-swarm-1-L3508	deepseek-v4-pro
card-tools22-rule-swarm-1-L3599	deepseek-v4-pro
card-tools22-rule-swarm-1-L86	deepseek-v4-pro
card-tools22-rule-swarm-10	deepseek-v4-pro
card-tools22-rule-swarm-11	deepseek-v4-pro
card-tools22-rule-swarm-11-L158	deepseek-v4-pro
card-tools22-rule-swarm-11-L2016	deepseek-v4-pro
card-tools22-rule-swarm-11-L3540	deepseek-v4-pro
card-tools22-rule-swarm-11-L3643	deepseek-v4-pro
card-tools22-rule-swarm-11-L4018	deepseek-v4-pro
card-tools22-rule-swarm-12-L170	deepseek-v4-pro
card-tools22-rule-swarm-12-L3542	deepseek-v4-pro
card-tools22-rule-swarm-12-L3649	deepseek-v4-pro
card-tools22-rule-swarm-12-L4024	deepseek-v4-pro
card-tools22-rule-swarm-13-L2018	deepseek-v4-pro
card-tools22-rule-swarm-14	deepseek-v4-pro
card-tools22-rule-swarm-15	deepseek-v4-pro
card-tools22-rule-swarm-16	deepseek-v4-pro
card-tools22-rule-swarm-17	deepseek-v4-pro
card-tools22-rule-swarm-18	deepseek-v4-pro
card-tools22-rule-swarm-2	deepseek-v4-pro
card-tools22-rule-swarm-20	deepseek-v4-pro
card-tools22-rule-swarm-21	deepseek-v4-pro
card-tools22-rule-swarm-22	deepseek-v4-pro
card-tools22-rule-swarm-23	deepseek-v4-pro
card-tools22-rule-swarm-24	deepseek-v4-pro
card-tools22-rule-swarm-25	deepseek-v4-pro
card-tools22-rule-swarm-3	deepseek-v4-pro
card-tools22-rule-swarm-4	deepseek-v4-pro
card-tools22-rule-swarm-5	deepseek-v4-pro
card-tools22-rule-swarm-6	deepseek-v4-pro
card-tools22-rule-swarm-7	deepseek-v4-pro
card-tools22-rule-swarm-7-L3986	deepseek-v4-pro
card-tools22-rule-swarm-8	deepseek-v4-pro
card-tools22-rule-swarm-9	deepseek-v4-pro
card-tools22-rule-swarm-profiles-1	deepseek-v4-pro
card-tools22-rule-swarm-profiles-10	deepseek-v4-pro
card-tools22-rule-swarm-profiles-10-L1046	deepseek-v4-pro
card-tools22-rule-swarm-profiles-2	deepseek-v4-pro
card-tools22-rule-swarm-profiles-3	deepseek-v4-pro
card-tools22-rule-swarm-profiles-4	deepseek-v4-pro
card-tools22-rule-swarm-profiles-5	deepseek-v4-pro
card-tools22-rule-swarm-profiles-6	deepseek-v4-pro
card-tools22-rule-swarm-profiles-7	deepseek-v4-pro
card-tools22-rule-swarm-profiles-8	deepseek-v4-pro
card-tools22-rule-swarm-profiles-8-L896	deepseek-v4-pro
card-tools22-rule-swarm-profiles-9	deepseek-v4-pro
card-tools22-rule-swarm-profiles-9-L901	deepseek-v4-pro
card-tools22-rule-test-2-L52	deepseek/deepseek-v4-flash
card-tools22-rule-tokens-1-L57	deepseek/deepseek-v4-flash
card-tools22-rule-tokens-10	deepseek/deepseek-v4-flash
card-tools22-rule-tokens-10-L197	deepseek/deepseek-v4-flash
card-tools22-rule-tokens-10-L2003	deepseek-v4-flash
card-tools22-rule-tokens-10-L2141	qwen/qwen3.7-flash
card-tools22-rule-tokens-10-L2444	deepseek/deepseek-v4-flash
card-tools22-rule-tokens-11-L2006	deepseek/deepseek-v4-flash
card-tools22-rule-tokens-11-L2148	qwen/qwen3.7-flash
card-tools22-rule-tokens-11-L229	deepseek/deepseek-v4-flash
card-tools22-rule-tokens-12	deepseek/deepseek-v4-flash
card-tools22-rule-tokens-12-L2009	deepseek/deepseek-v4-flash
card-tools22-rule-tokens-12-L2153	deepseek/deepseek-v4-flash
card-tools22-rule-tokens-12-L236	deepseek/deepseek-v4-flash
card-tools22-rule-tokens-12-L2454	deepseek/deepseek-v4-flash
card-tools22-rule-tokens-13	deepseek-v4-flash
card-tools22-rule-tokens-13-L2162	deepseek-v4-flash
card-tools22-rule-tokens-13-L2464	deepseek-v4-flash
card-tools22-rule-tokens-13-L254	deepseek/deepseek-v4-flash
card-tools22-rule-tokens-14-L2014	deepseek/deepseek-v4-flash
card-tools22-rule-tokens-22	deepseek/deepseek-v4-flash
card-tools22-rule-tokens-27	deepseek/deepseek-v4-flash
card-tools22-rule-tokens-28-L2334	deepseek/deepseek-v4-flash
card-tools22-rule-tokens-29	deepseek/deepseek-v4-flash
card-tools22-rule-tokens-3-L1978	deepseek/deepseek-v4-flash
card-tools22-rule-tokens-3-L2052	deepseek/deepseek-v4-flash
card-tools22-rule-tokens-30	deepseek/deepseek-v4-flash
card-tools22-rule-tokens-31	deepseek/deepseek-v4-flash
card-tools22-rule-tokens-4	deepseek/deepseek-v4-flash
card-tools22-rule-tokens-4-L2410	deepseek/deepseek-v4-flash
card-tools22-rule-toolwork-1-L565	deepseek-v4-flash
card-tools22-rule-toolwork-1-L700	deepseek/deepseek-v4-flash
card-tools22-rule-toolwork-1-L72	deepseek/deepseek-v4-flash
card-tools22-rule-toolwork-1-L790	qwen/qwen3.7-flash
card-tools22-rule-toolwork-1-L912	deepseek/deepseek-v4-flash
card-tools22-rule-toolwork-2	deepseek-v4-flash
card-tools22-rule-toolwork-2-L570	qwen/qwen3.7-flash
card-tools22-rule-toolwork-2-L646	deepseek/deepseek-v4-flash
card-tools22-rule-toolwork-2-L798	deepseek/deepseek-v4-flash
card-tools22-rule-toolwork-2-L917	qwen/qwen3.7-flash
card-tools22-rule-toolwork-3	deepseek/deepseek-v4-flash
card-tools22-rule-toolwork-3-L100	deepseek/deepseek-v4-flash
card-tools22-rule-toolwork-3-L493	deepseek/deepseek-v4-flash
card-tools22-rule-toolwork-3-L575	deepseek/deepseek-v4-flash
card-tools22-rule-toolwork-3-L656	qwen/qwen3.7-flash
card-tools22-rule-toolwork-3-L730	deepseek/deepseek-v4-flash
card-tools22-rule-toolwork-3-L804	deepseek/deepseek-v4-flash
card-tools22-rule-toolwork-4	deepseek-v4-flash
card-tools22-rule-toolwork-4-L124	deepseek-v4-flash
card-tools22-rule-toolwork-4-L330	deepseek-v4-flash
card-tools22-rule-toolwork-4-L578	deepseek/deepseek-v4-flash
card-tools22-rule-toolwork-4-L665	deepseek/deepseek-v4-flash
card-tools22-rule-toolwork-4-L735	deepseek/deepseek-v4-flash
card-tools22-rule-toolwork-4-L811	deepseek/deepseek-v4-flash
card-tools22-rule-toolwork-4-L932	deepseek/deepseek-v4-flash
card-tools22-rule-toolwork-5-L137	deepseek-v4-flash
card-tools22-rule-toolwork-5-L512	deepseek/deepseek-v4-flash
card-tools22-rule-toolwork-5-L670	qwen/qwen3.7-flash
card-tools22-rule-toolwork-5-L742	qwen/qwen3.7-flash
card-tools22-rule-toolwork-6	qwen/qwen3.7-flash
card-tools22-rule-toolwork-6-L148	deepseek-v4-flash
card-tools22-rule-toolwork-6-L589	deepseek/deepseek-v4-flash
card-tools22-rule-toolwork-6-L749	qwen/qwen3.7-flash
card-tools22-rule-toolwork-6-L832	deepseek-v4-flash
card-tools22-rule-toolwork-6-L942	deepseek-v4-flash
card-tools22-rule-toolwork-7	deepseek/deepseek-v4-flash
card-tools22-rule-toolwork-7-L158	qwen/qwen3.7-flash
card-tools22-rule-toolwork-7-L385	deepseek-v4-flash
card-tools22-rule-toolwork-7-L527	deepseek-v4-flash
card-tools22-rule-toolwork-7-L600	qwen/qwen3.7-flash
card-tools22-rule-toolwork-7-L840	deepseek-v4-flash
card-tools22-rule-toolwork-7-L947	deepseek/deepseek-v4-flash
card-tools22-rule-toolwork-8	qwen/qwen3.7-flash
card-tools22-rule-toolwork-8-L166	qwen/qwen3.7-flash
card-tools22-rule-toolwork-8-L395	deepseek-v4-flash
card-tools22-rule-toolwork-8-L850	deepseek-v4-flash
card-tools22-rule-toolwork-9	deepseek/deepseek-v4-flash
card-tools22-rule-toolwork-9-L187	deepseek-v4-flash
card-tools22-rule-toolwork-9-L404	deepseek-v4-flash
card-tools22-rule-version-1-L165	qwen/qwen3.7-flash
card-tools22-rule-version-1-L18	deepseek/deepseek-v4-flash
card-tools22-rule-version-1-L80	deepseek-v4-flash
card-tools22-rule-version-10-L65	deepseek/deepseek-v4-flash
card-tools22-rule-version-10-L89	qwen/qwen3.7-flash
card-tools22-rule-version-11	qwen/qwen3.7-flash
card-tools22-rule-version-11-L175	qwen/qwen3.7-flash
card-tools22-rule-version-11-L90	deepseek/deepseek-v4-flash
card-tools22-rule-version-12	deepseek-v4-flash
card-tools22-rule-version-12-L176	qwen/qwen3.7-flash
card-tools22-rule-version-12-L71	deepseek-v4-flash
card-tools22-rule-version-13-L177	deepseek/deepseek-v4-flash
card-tools22-rule-version-2	deepseek-v4-flash
card-tools22-rule-version-2-L166	deepseek/deepseek-v4-flash
card-tools22-rule-version-2-L21	qwen/qwen3.7-flash
card-tools22-rule-version-2-L81	mercury-2.5
card-tools22-rule-version-3	deepseek-v4-flash
card-tools22-rule-version-3-L105	deepseek/deepseek-v4-flash
card-tools22-rule-version-3-L167	qwen/qwen3.7-flash
card-tools22-rule-version-3-L29	mercury-2.5
card-tools22-rule-version-3-L82	deepseek/deepseek-v4-flash
card-tools22-rule-version-4-L111	deepseek-v4-flash
card-tools22-rule-version-5	deepseek/deepseek-v4-flash
card-tools22-rule-version-5-L84	deepseek/deepseek-v4-flash
card-tools22-rule-version-6-L48	deepseek/deepseek-v4-flash
card-tools22-rule-version-6-L85	qwen/qwen3.7-flash
card-tools22-rule-version-7	deepseek/deepseek-v4-flash
card-tools22-rule-version-7-L127	deepseek/deepseek-v4-flash
card-tools22-rule-version-7-L171	qwen/qwen3.7-flash
card-tools22-rule-version-7-L55	qwen/qwen3.7-flash
card-tools22-rule-version-7-L86	qwen/qwen3.7-flash
card-tools22-rule-version-8	deepseek-v4-flash
card-tools22-rule-version-8-L130	qwen/qwen3.7-flash
card-tools22-rule-version-8-L172	deepseek/deepseek-v4-flash
card-tools22-rule-version-8-L58	qwen/qwen3.7-flash
card-tools22-rule-version-8-L87	qwen/qwen3.7-flash
card-tools22-rule-version-9	qwen/qwen3.7-flash
card-tools22-rule-version-9-L134	deepseek-v4-flash
card-tools22-rule-version-9-L173	deepseek-v4-flash
card-tools22-rule-version-9-L62	qwen/qwen3.7-flash
card-tools22-rule-version-9-L88	deepseek-v4-flash
card-tools22-rule-wake-1-L1819	deepseek/deepseek-v4-flash
card-tools22-rule-wake-10-L3293	deepseek/deepseek-v4-flash
card-tools22-rule-wake-11-L2154	mercury-2.5
card-tools22-rule-wake-11-L3351	deepseek-v4-flash
card-tools22-rule-wake-11-L4117	qwen/qwen3.7-flash
card-tools22-rule-wake-12	deepseek/deepseek-v4-flash
card-tools22-rule-wake-12-L2172	qwen/qwen3.7-flash
card-tools22-rule-wake-12-L3374	mercury-2.5
card-tools22-rule-wake-13	deepseek/deepseek-v4-flash
card-tools22-rule-wake-13-L2188	mercury-2.5
card-tools22-rule-wake-13-L4135	deepseek/deepseek-v4-flash
card-tools22-rule-wake-13-L4267	deepseek-v4-flash
card-tools22-rule-wake-14	deepseek-v4-flash
card-tools22-rule-wake-14-L2198	qwen/qwen3.7-flash
card-tools22-rule-wake-14-L3430	deepseek-v4-flash
card-tools22-rule-wake-14-L4154	mercury-2.5
card-tools22-rule-wake-14-L4271	deepseek-v4-flash
card-tools22-rule-wake-15	deepseek-v4-flash
card-tools22-rule-wake-15-L2222	qwen/qwen3.7-flash
card-tools22-rule-wake-15-L3522	mercury-2.5
card-tools22-rule-wake-15-L4159	deepseek-v4-flash
card-tools22-rule-wake-15-L4274	qwen/qwen3.7-flash
card-tools22-rule-wake-16	qwen/qwen3.7-flash
card-tools22-rule-wake-17	deepseek/deepseek-v4-flash
card-tools22-spec-TestAnApproveNamesWhatItCompared	qwen/qwen3.7-flash
card-tools22-spec-TestNothingGuessedNothingSent	deepseek-v4-flash
card-tools22-spec-TestOpenFindingsTravel	deepseek/deepseek-v4-flash
card-tools22-spec-TestTheGroundIsChecked	deepseek-v4-flash
card-tools22-spec2-TestAlsoSlow	deepseek-v4-flash
card-tools22-spec2-TestApplyShaBuildsOneStampOnAFakeBench	deepseek-v4-flash
card-tools22-spec2-TestApplyShaIsBoundedByTheClock	mercury-2.5
card-tools22-spec2-TestApplyShaPublishesTheWholeSetAtomically	deepseek-v4-flash
card-tools22-spec2-TestApplyShaRefusesALostStamp	deepseek-v4-flash
card-tools22-spec2-TestApplyShaRefusesAMixedSetNamingThePair	deepseek/deepseek-v4-flash
card-tools22-spec2-TestBenchStandardChecksOneSeatKeyPerOwnerPrefix	mercury-2.5
card-tools22-spec2-TestEvents	mercury-2.5
card-tools22-spec2-TestEveryTranscriptIsExecutedLineForLine	mercury-2.5
card-tools22-spec2-TestHarnessConfigsReferenceEnvNames	mercury-2.5
card-tools22-spec2-TestIngestIsRotation	mercury-2.5
card-tools22-spec2-TestKeygenPrintsTheOKLineLast	deepseek-v4-flash
card-tools22-spec2-TestMovedNeverInfersARename	qwen/qwen3.7-flash
card-tools22-spec2-TestMovedReadsTheBuildNeverAList	deepseek/deepseek-v4-flash
card-tools22-spec2-TestMovedRefusesABinaryWithNoHelp	deepseek/deepseek-v4-flash
card-tools22-spec2-TestMovedRefusesAMissingFlag	deepseek/deepseek-v4-flash
card-tools22-spec2-TestMovedRefusesAnUnresolvedRevision	deepseek-v4-flash
card-tools22-spec2-TestNoSuchThing	mercury-2.5
card-tools22-spec2-TestOneSeatPerOSUser	deepseek/deepseek-v4-flash
card-tools22-spec2-TestOnlyOneWindowsLegRunsOnAPullRequest	qwen/qwen3.7-flash
card-tools22-spec2-TestPkillOnWaitLeavesASendAlive	mercury-2.5
card-tools22-spec2-TestPlaintextKeyFilesFailLoudly	mercury-2.5
card-tools22-spec2-TestPullRequestsGetAWindowsLeg	qwen/qwen3.7-flash
card-tools22-spec2-TestReceiptVerdictRefusesAnUnknownVerdict	deepseek/deepseek-v4-flash
card-tools22-spec2-TestReceiptVerdictWritesTheExactNoteShape	deepseek-v4-flash
card-tools22-spec2-TestRecoveryKeyLivesOnlyInThePasswordManager	qwen/qwen3.7-flash
card-tools22-spec2-TestSealIsOneStep	deepseek/deepseek-v4-flash
card-tools22-spec2-TestSeatRuleGateIsExactlyTwoRecipients	qwen/qwen3.7-flash
card-tools22-spec2-TestSendFoldsOwnBeatOnlyCommit	deepseek-v4-flash
card-tools22-spec2-TestSendFoldsOwnUncommittedBeat	deepseek/deepseek-v4-flash
card-tools22-spec2-TestSendProcessNameIsDistinctFromWait	qwen/qwen3.7-flash
card-tools22-spec2-TestSlowThing	deepseek/deepseek-v4-flash
card-tools22-spec2-TestStorePullUsesBenchDeployKey	qwen/qwen3.7-flash
card-tools22-spec2-TestValuesReachProcessesOnlyByExecOnly	mercury-2.5
card-tools22-spec2-TestWaitOnNoteBoundsBodyAndBatch	deepseek-v4-flash
card-tools22-spec2-TestWaitOnNoteContinuationReturnsTheRest	mercury-2.5
card-tools22-spec2-TestWaitOnNoteCursorAdvancesOnlyPastAcknowledged	deepseek-v4-flash
card-tools22-spec2-TestWaitOnNoteNeverWakesOnAnEmptyTick	deepseek/deepseek-v4-flash
card-tools22-spec2-TestWaitOnNotePrintsOnlyTheNote	deepseek-v4-flash
card-tools22-spec2-TestWaitOnNoteRearmsAfterAHarnessCap	deepseek/deepseek-v4-flash
card-tools22-tx-nova-board-r1	deepseek/deepseek-v4-flash
card-tools22-tx-nova-bus-r12	deepseek/deepseek-v4-flash
card-tools22-tx-nova-bus-r14	deepseek-v4-flash
card-tools22-tx-nova-bus-r15	deepseek-v4-flash
card-tools22-tx-nova-bus-r17	qwen/qwen3.7-flash
card-tools22-tx-nova-bus-r18	qwen/qwen3.7-flash
card-tools22-tx-nova-bus-r2	deepseek-v4-flash
card-tools22-tx-nova-bus-r3	deepseek-v4-flash
card-tools22-tx-nova-bus-r4	deepseek/deepseek-v4-flash
card-tools22-tx-nova-bus-r5	deepseek/deepseek-v4-flash
card-tools22-tx-nova-bus-r9	mercury-2.5
card-tools22-tx-nova-cairn-r1	qwen/qwen3.7-flash
card-tools22-tx-nova-cairn-r10	qwen/qwen3.7-flash
card-tools22-tx-nova-cairn-r11	qwen/qwen3.7-flash
card-tools22-tx-nova-cairn-r12	deepseek-v4-flash
card-tools22-tx-nova-cairn-r13	deepseek-v4-flash
card-tools22-tx-nova-cairn-r14	deepseek/deepseek-v4-flash
card-tools22-tx-nova-cairn-r15	deepseek/deepseek-v4-flash
card-tools22-tx-nova-cairn-r17	mercury-2.5
card-tools22-tx-nova-cairn-r2	deepseek-v4-flash
card-tools22-tx-nova-cairn-r3	deepseek-v4-flash
card-tools22-tx-nova-check-r10	deepseek-v4-flash
card-tools22-tx-nova-check-r11	deepseek-v4-flash
card-tools22-tx-nova-check-r12	qwen/qwen3.7-flash
card-tools22-tx-nova-check-r13	qwen/qwen3.7-flash
card-tools22-tx-nova-check-r16	deepseek/deepseek-v4-flash
card-tools22-tx-nova-check-r17	deepseek/deepseek-v4-flash
card-tools22-tx-nova-check-r18	deepseek/deepseek-v4-flash
card-tools22-tx-nova-ci-r10	deepseek/deepseek-v4-flash
card-tools22-tx-nova-ci-r11	deepseek/deepseek-v4-flash
card-tools22-tx-nova-ci-r14	qwen/qwen3.7-flash
card-tools22-tx-nova-ci-r15	qwen/qwen3.7-flash
card-tools22-tx-nova-ci-r16	deepseek-v4-flash
card-tools22-tx-nova-ci-r17	deepseek-v4-flash
card-tools22-tx-nova-ci-r18	deepseek-v4-flash
card-tools22-tx-nova-decide-r10	qwen/qwen3.7-flash
card-tools22-tx-nova-decide-r11	qwen/qwen3.7-flash
card-tools22-tx-nova-decide-r12	deepseek-v4-flash
card-tools22-tx-nova-decide-r13	deepseek-v4-flash
card-tools22-tx-nova-decide-r14	deepseek/deepseek-v4-flash
card-tools22-tx-nova-decide-r15	deepseek/deepseek-v4-flash
card-tools22-tx-nova-fuse-r10	deepseek-v4-flash
card-tools22-tx-nova-fuse-r11	deepseek-v4-flash
card-tools22-tx-nova-fuse-r7	deepseek/deepseek-v4-flash
card-tools22-tx-nova-fuse-r8	deepseek/deepseek-v4-flash
card-tools22-tx-nova-fuse-r9	deepseek/deepseek-v4-flash
card-tools22-tx-nova-memory-r1	deepseek/deepseek-v4-flash
card-tools22-tx-nova-memory-r2	mercury-2.5
card-tools22-tx-nova-memory-r3	mercury-2.5
card-tools22-tx-nova-memory-r4	qwen/qwen3.7-flash
card-tools22-tx-nova-memory-r5	qwen/qwen3.7-flash
card-tools22-tx-nova-memory-r6	deepseek-v4-flash
card-tools22-tx-nova-memory-r7	deepseek-v4-flash
card-tools22-tx-nova-memory-r8	deepseek-v4-flash
card-tools22-tx-nova-merge-r4	mercury-2.5
card-tools22-tx-nova-merge-r5	mercury-2.5
card-tools22-tx-nova-play-r1	mercury-2.5
card-tools22-tx-nova-post-r1	mercury-2.5
card-tools22-tx-nova-pulse-r4	mercury-2.5
card-tools22-tx-nova-pulse-r5	mercury-2.5
card-tools22-tx-nova-pulse-r6	deepseek/deepseek-v4-flash
card-tools22-tx-nova-pulse-r7	deepseek/deepseek-v4-flash
card-tools22-tx-nova-pulse-r8	deepseek/deepseek-v4-flash
card-tools22-tx-nova-pulse-r9	deepseek/deepseek-v4-flash
card-tools22-tx-nova-review-r1	deepseek-v4-flash
card-tools22-tx-nova-review-r2	qwen/qwen3.7-flash
card-tools22-tx-nova-review-r3	qwen/qwen3.7-flash
card-tools22-tx-nova-review-r4	mercury-2.5
card-tools22-tx-nova-review-r5	mercury-2.5
card-tools22-tx-nova-review-r6	deepseek/deepseek-v4-flash
card-tools22-tx-nova-review-r7	deepseek/deepseek-v4-flash
card-tools22-tx-nova-review-r8	deepseek/deepseek-v4-flash
card-tools22-tx-nova-review-r9	deepseek/deepseek-v4-flash
card-tools22-tx-nova-self-talk-r1	deepseek/deepseek-v4-flash
card-tools22-tx-nova-self-talk-r2	mercury-2.5
card-tools22-tx-nova-self-talk-r3	mercury-2.5
card-tools22-tx-nova-self-talk-r4	qwen/qwen3.7-flash
card-tools22-tx-nova-tokens-r11	deepseek-v4-flash
card-tools22-tx-nova-tokens-r12	qwen/qwen3.7-flash
card-tools22-tx-nova-tokens-r13	qwen/qwen3.7-flash
card-tools22-tx-nova-tokens-r15	mercury-2.5
card-tools22-tx-nova-tokens-r16	deepseek/deepseek-v4-flash
card-tools22-tx-nova-tokens-r17	deepseek/deepseek-v4-flash
card-tools22-tx-nova-tokens-r18	deepseek/deepseek-v4-flash
card-tools22-tx-nova-update-r10	qwen/qwen3.7-flash
card-tools22-tx-nova-update-r11	qwen/qwen3.7-flash
card-tools22-tx-nova-update-r12	deepseek-v4-flash
card-tools22-tx-nova-update-r13	deepseek-v4-flash
card-tools22-tx-nova-update-r14	deepseek/deepseek-v4-flash
card-tools22-tx-nova-update-r15	deepseek/deepseek-v4-flash
card-tools22-tx-nova-update-r2	mercury-2.5
card-tools22-tx-nova-update-r4	qwen/qwen3.7-flash
card-tools22-tx-nova-update-r6	deepseek-v4-flash
card-tools22-tx-nova-update-r7	deepseek-v4-flash
card-tools22-tx-nova-update-r8	deepseek-v4-flash
card-tools22-tx-nova-version-r12	deepseek/deepseek-v4-flash
card-tools22-tx-nova-version-r13	deepseek/deepseek-v4-flash
card-tools22-tx-nova-version-r14	deepseek-v4-flash
card-tools22-tx-nova-version-r15	deepseek-v4-flash
card-tools22-tx-nova-version-r16	qwen/qwen3.7-flash
card-tools22-tx-nova-version-r17	qwen/qwen3.7-flash
card-tools22-tx-nova-version-r18	qwen/qwen3.7-flash
card-tools22-tx-nova-version-r6	deepseek/deepseek-v4-flash
card-tools22-tx-nova-version-r7	deepseek/deepseek-v4-flash
card-tools22-tx-nova-version-r8	deepseek/deepseek-v4-flash
card-tools22-tx-nova-version-r9	deepseek/deepseek-v4-flash
card-tools22-tx-nova-wake-r1	mercury-2.5
card-tools22-tx-nova-wake-r10	mercury-2.5
card-tools22-tx-nova-wake-r11	mercury-2.5
card-tools22-tx-nova-wake-r12	deepseek/deepseek-v4-flash
card-tools22-tx-nova-wake-r13	deepseek/deepseek-v4-flash
card-tools22-tx-nova-wake-r2	deepseek/deepseek-v4-flash
card-tools22-tx-nova-wake-r3	deepseek/deepseek-v4-flash
card-tools22-tx-nova-wake-r4	deepseek-v4-flash
card-tools22-tx-nova-wake-r5	deepseek-v4-flash
card-tools22-tx-nova-wake-r6	qwen/qwen3.7-flash
card-tools22-tx-nova-wake-r7	qwen/qwen3.7-flash
card-tools22-tx-nova-wake-r8	qwen/qwen3.7-flash
card-tools22-tx-nova-wake-r9	qwen/qwen3.7-flash
card-tools22-tx-nova-work-r1	deepseek/deepseek-v4-flash
card-tools22-tx-nova-work-r2	deepseek-v4-flash
card-tools22-tx-nova-work-r3	mercury-2.5
card-tools22-tx-nova-work-r9	deepseek-v4-flash
card-work2-E01-F03-02	deepseek-v4-pro
card-work2-E01-F04-01	deepseek-v4-pro
card-work2-E01-F04-04	deepseek-v4-pro
card-work2-E02-F03-03	deepseek-v4-pro
card-work2-E02-F04-01	deepseek-v4-pro
card-work2-E02-F04-02	deepseek-v4-pro
card-work2-E02-F07-02	deepseek-v4-pro
card-work2-E03-F02-01	deepseek-v4-pro
card-work2-E03-F04-01	deepseek-v4-pro
card-work2-E05-F01-02	deepseek-v4-pro
card-work2-E06-F04-02	deepseek-v4-pro
card-work2-E07-F02-02	deepseek-v4-pro
card-work2-E07-F03-01	deepseek-v4-pro
card-work2-E07-F05-01	deepseek-v4-pro
card-work2-E07-F06-01	deepseek-v4-pro
card-work2-E07-F06-02	deepseek-v4-pro
card-work2-E07-F06-03	deepseek-v4-pro
card-work2-E08-F01-02	deepseek-v4-pro
card-work2-E08-F02-04	deepseek-v4-pro
card-work3-E07-F05-02	deepseek-v4-pro
card-work3-E08-F01-03	deepseek-v4-pro
card-work3-E08-F03-01	deepseek-v4-pro
card-work3-E08-F03-03	deepseek-v4-pro
card-work3-E11-F06-03	deepseek-v4-pro
card-work4-E10-F01-58	deepseek-v4-pro
card-work4-E10-F03-60	deepseek-v4-pro
card-work4-E10-F03-61	deepseek-v4-pro
card-work4m-E02-F06-19	deepseek-v4-pro
card-work4m-E03-F03-23	deepseek-v4-pro
card-work4m-E04-F01-25	deepseek-v4-pro
card-work4m-E11-F05-72	deepseek-v4-pro
card-work4p-E02-F07-01	qwen/qwen3.7-flash
card-work4p-E02-F07-03	deepseek-v4-flash
card-work4p-E02-F07-04	deepseek/deepseek-v4-flash
card-work4p-E03-F01-02	qwen/qwen3.7-flash
card-work4p-E03-F05-01	deepseek/deepseek-v4-flash
card-work4p-E04-F01-01	deepseek-v4-flash
card-work4p-E04-F02-01	qwen/qwen3.7-flash
card-work4p-E04-F03-02	deepseek-v4-flash
card-work4p-E04-F03-03	deepseek/deepseek-v4-flash
card-work4p-E05-F01-03	deepseek-v4-flash
card-work4p-E05-F02-01	qwen/qwen3.7-flash
card-work4p-E05-F03-02	deepseek-v4-flash
card-work4p-E05-F03-04	qwen/qwen3.7-flash
card-work4p-E05-F04-02	deepseek/deepseek-v4-flash
card-work4p-E05-F05-01	deepseek-v4-flash
card-work4p-E06-F02-03	qwen/qwen3.7-flash
card-work4p-E06-F05-03	qwen/qwen3.7-flash
card-work4p-E07-F04-03	deepseek-v4-flash
card-work4p-E08-F02-05	deepseek-v4-flash
card-work4p-E11-F01-06	deepseek/deepseek-v4-flash
card-work4p-E11-F02-04	deepseek/deepseek-v4-flash
card-work4p-E11-F03-02	mercury-2.5
card-work4p-E11-F03-04	qwen/qwen3.7-flash
card-work4p-E11-F03-05	qwen/qwen3.7-flash
card-work4r2-E03-F03-23	deepseek-v4-pro
card-work4r3-E02-F06-19	deepseek-v4-pro
card-work4r3-E09-F02-53	deepseek-v4-pro
card-work4r3-E10-F04-62	deepseek-v4-pro
card-work4r3-E10-F07-68	deepseek-v4-pro
card-work4r3-E11-F05-72	deepseek-v4-pro
card-work4s-E02-F06-03	mercury-2.5
card-work4s-E02-F07-03	deepseek-v4-flash
card-work4s-E03-F01-02	deepseek/deepseek-v4-flash
card-work4s-E03-F02-01	qwen/qwen3.7-flash
card-work4s-E03-F03-01	qwen/qwen3.7-flash
card-work4s-E03-F03-03	deepseek/deepseek-v4-flash
card-work4s-E03-F04-01	deepseek/deepseek-v4-flash
card-work4s-E03-F04-02	mercury-2.5
card-work4s-E03-F04-03	mercury-2.5
card-work4s-E03-F05-03	deepseek-v4-flash
card-work4s-E04-F01-02	qwen/qwen3.7-flash
card-work4s-E04-F01-03	qwen/qwen3.7-flash
card-work4s-E04-F02-01	qwen/qwen3.7-flash
card-work4s-E04-F02-03	deepseek-v4-flash
card-work4s-E04-F03-01	deepseek/deepseek-v4-flash
card-work4s-E04-F03-02	deepseek-v4-flash
card-work4s-E04-F03-03	deepseek-v4-flash
card-work4s-E04-F04-01	deepseek/deepseek-v4-flash
card-work4s-E04-F04-02	mercury-2.5
card-work4s-E04-F04-03	mercury-2.5
card-work4s-E04-F04-04	qwen/qwen3.7-flash
card-work4s-E04-F05-01	qwen/qwen3.7-flash
card-work4s-E04-F05-02	deepseek/deepseek-v4-flash
card-work4s-E04-F05-03	deepseek-v4-flash
card-work4s-E04-F06-01	qwen/qwen3.7-flash
card-work4s-E04-F06-03	qwen/qwen3.7-flash
card-work4s-E05-F01-01	deepseek/deepseek-v4-flash
card-work4s-E05-F01-02	mercury-2.5
card-work4s-E05-F01-03	mercury-2.5
card-work4s-E05-F02-01	mercury-2.5
card-work4s-E05-F02-03	deepseek/deepseek-v4-flash
card-work4s-E05-F03-01	deepseek-v4-flash
card-work4s-E05-F03-02	qwen/qwen3.7-flash
card-work4s-E05-F03-04	mercury-2.5
card-work4s-E05-F04-01	deepseek-v4-flash
card-work4s-E05-F04-02	qwen/qwen3.7-flash
card-work4s-E05-F04-03	qwen/qwen3.7-flash
card-work4s-E05-F05-01	mercury-2.5
card-work4s-E05-F06-02	deepseek-v4-flash
card-work4s-E05-F06-03	deepseek-v4-flash
card-work4s-E06-F01-02	deepseek/deepseek-v4-flash
card-work4s-E06-F01-03	deepseek-v4-flash
card-work4s-E06-F01-04	qwen/qwen3.7-flash
card-work4s-E06-F02-03	deepseek-v4-flash
