path	sha256
internal/tlc/cases.go	504b17c09bde34404f6bc83a070e97a109cca96872b682183d252c615fb19d5b
internal/tlc/doc.go	e3bf96796a0d91b60d6c067871c2aa2ddbd85dba51ac38c94de713bf826d1541
internal/tlc/fingerprint.go	1534baa04d2574c0b8ef2d69b122382280d167a2641d3cea61e13070610f973a
internal/tlc/jar.go	eceb0744c3c95de2049640ca9532a22cd3bc2fad3d23bc661b4531969e456cc8
internal/tlc/outcome.go	beeb2482310944921dc38c1e481c83e75aced119be86418a2992d5291c30036f
internal/tlc/records.go	d6deccd59655beb373b787305f09b60a98b4b2322076bde1f889837eaaa1c999
internal/tlc/run.go	bb10dac644a7bf231a1f62fc982aa8598dff18c29954399fdeb26bd62f8c17c1
internal/tlc/suite.go	7718a41ca38d225a8cc75051bf0c0e357b0601d5105d483f643da31e9208549b
tla/BatchMemberTable.tla	12047bbe06a9c8a953e7fe835da16fc53ce4025ccedd84160a7560886db9260d
tla/CASES.tsv	5bb3a8a7406a5145e3f1fa495a3142ad214f5e4119e0dc4e61ae7bd0a0a7fcd0
tla/EpochMemberTable.tla	e48e2c52fb10eb4db769dfd28979fdfb0f8854fb8753efd65f17f722c4721448
tla/MCBatchAlreadyUnplacedRemove.cfg	88fdd3876ff7efb75ea96be6f9b55bb911eca7452c706c45f3d9256925b7af0c
tla/MCBatchBrokenAlreadyUnplacedRemove.cfg	e43aa35627cd29c8abefe2e8e63f18cabe859b89838f4e5b298eef6d2da3dbc9
tla/MCBatchBrokenDuplicate.cfg	d4cb354c390b7995d5fee52481a0d804aae1203bbf26e3c068bbd448452daf46
tla/MCBatchBrokenHashCollision.cfg	c0dd0503ef3307216aa1c213f2ac98308248ee82e977598fa100057215455857
tla/MCBatchBrokenLateGuard.cfg	6f3fa21aef0485c7907c7a2dd9ec35009b1e98ea9c0c7bbd79282df5a0d8a71c
tla/MCBatchBrokenLatePermission.cfg	72a1759474de5977cbcd084d023fa031feb9d60706583ddbc63674325ef072f6
tla/MCBatchBrokenLateType.cfg	0364e9565ef5a9a340aefba7b03e18aeb9c63d069381d1acbe588981caaf6146
tla/MCBatchBrokenLostReply.cfg	a0c946714efe89999835aba45a40be98f0dc3ca2886386e4a404781f4e539c89
tla/MCBatchBrokenMemberOverflow.cfg	2e4e78e96a69f2f0732aa5614b311e1bef6a4259915007aac7a326d4d1a84341
tla/MCBatchBrokenMissingRevision.cfg	0ed54db0a87db669a08d1afdb2d513245301e09c2cbe9d1040e154a2f09772c4
tla/MCBatchBrokenOnePlace.cfg	6519cff396625424b601d5218e3e7f084d5997fd57a53947e3d691dff48c92f2
tla/MCBatchBrokenOrdinaryMoveRevision.cfg	a83dbf8cc757ae7daab45a2acc083d4a6498359eff6d1e57b9c374ec2cf0af91
tla/MCBatchBrokenOrdinaryRevision.cfg	a3f5192b89b098bbfa66e1f9383a04844d83755f17b9d009d7ad37440de1b121
tla/MCBatchBrokenOverflow.cfg	1a272df2e1a26ff00fea6485950b75492848b2a66facd6a311c88a0bd63100d1
tla/MCBatchBrokenPostGuard.cfg	1ca010889f4d18f615e6689caca19109dadeb924b80ae83f1620054259aa8333
tla/MCBatchBrokenReceipt.cfg	282c5e4bd47d46edcdf26cc611c9512b7ea8cb99d07697405f678ec00676b947
tla/MCBatchBrokenRemoveDeletesRecord.cfg	830aba21fb1be8056dda13d99134b0ad7799bb6e3dd969e4ed9b35ce9330ff8d
tla/MCBatchBrokenRemoveFalseAccepted.cfg	b20239a594793896469b4a4c32f6a9cbbba936d7af619e9f56d65684ff44cbce
tla/MCBatchBrokenRemoveLeavesCell.cfg	597388fad402a1fb1d0e6a8cb9aa21d19c8bf03dce0c48804d7dc04de368fa32
tla/MCBatchBrokenSameCellRevision.cfg	3d18b263aaa066c25fd5628440e82ac75676603a1ac9d8ccaf005e73e863c9ba
tla/MCBatchBrokenScorePreserved.cfg	a3d340af242538371b7c380f187a9cd5b7c8073d0e96146583f1dccef42adf51
tla/MCBatchBrokenSetUnsetAccepted.cfg	4adff9a255a0f31d4040f7308da1186def7f5c5f6749f7306a7a86cdb90c8a1d
tla/MCBatchBrokenStaleEpoch.cfg	1bc8865dc59f5584209f1aec26447bb833c9803fa923432d0202d50f0aa9e033
tla/MCBatchBrokenStaleMember.cfg	d583dda2de14bff19407d6dab7778127f2063ece52ac90b84e6e3856faa7647a
tla/MCBatchBrokenStaleMoveRevision.cfg	75603e8cbccaef05c6bdff594353d441bde0f99a27e11d43f598888b6ac8f925
tla/MCBatchBrokenStaleRetry.cfg	2f41cba926c23e71183f4c8196ffc16527df4bbbf4299d3eed99bc246ed096da
tla/MCBatchBrokenStaleTable.cfg	810f352e1667c05df106290fb0c7f5982f3ff0cfb3c94b335f6d9892cf8b0b54
tla/MCBatchBrokenUnplacedMove.cfg	b3875cda93aa6fa9fe81ce33120cdbfede20d524aaf66b6ee92600a7f77348a3
tla/MCBatchExtendedNoop.cfg	c11e6cfb4f2400461f37028985d8a359b5ad2a180a09a9372ce09a36eea2b842
tla/MCBatchExtendedRemove.cfg	cdcaaab661557b91b025b521273bf5710298feed5149e0ab11ec2ac19f87c88c
tla/MCBatchMalformed.cfg	17590aebf42fe5b7df5a6572f2f7e92e685c9ac67eec613eea494c22d276adab
tla/MCBatchMemberOverflow.cfg	87df91a29215fd0910addd31e0c1fa5839caafce011c00f060eda60360a42b7a
tla/MCBatchMemberTable.cfg	c9818a343a5ea7f17bfdd161750ae7008e8b601b6da0b2a6a6dd7103dbe6ed2a
tla/MCBatchMemberTable.tla	249b6bc9483aa242e2097e90a89a15118c0db69f6410f61c5e22a31e6d11ca57
tla/MCBatchOverflow.cfg	4afdd8bf4beb14e6fd056c72d62a8ed69814600da61fd569813e43b57d395fc3
tla/MCBatchRevisionBound.cfg	7908856c1ab982dd8c1f1ecc09f2908b18e7446713982dd828440fffd11263ab
tla/MCBatchSecondEpoch.cfg	d162d334439411a23fe6dd298dc1e273751d8a248db8e9208a9b9c02c854e926
tla/MCBatchTableOverflow.cfg	89feff017f756f7f3ec9396bbaf380581ccfa6d9979564bab182b47aeb92d9e5
tla/MCBatchUnplacedField.cfg	b09708f4c6a5782ecbe095bbc48d2059d6485912d8c9de538553105ac0930dba
tla/MCBatchUnplacedMove.cfg	0de5a797dbf36bd3b7a9ce877301e2c0bfb28feab45acf3661ec1d26560ae77b
tla/MemberTable.tla	6dfa40992affa4d2781b4ad0b3626a8d365531cfcc8464503082e1ad9e1ebbb8
tla/TableMachine.tla	fab1ed8cb0dd6d0088e0fa163fd8071e0c3bff9588ea02cc99c19e6a84f2ac74
