config	module	expected	property	deadlock	group	gate	debt
MCBenchStage.cfg	MCBenchStage.tla	pass	-	ignore-terminal	benchstage	required	-
MCBenchStageBrokenLines.cfg	MCBenchStage.tla	invariant	ReusedByteIdentical	ignore-terminal	benchstage	required	-
MCBusCursor.cfg	MCBusCursor.tla	pass	-	ignore-terminal	buscursor	required	-
MCBusCursorBrokenAdvanceWithoutAck.cfg	MCBusCursor.tla	invariant	AdvanceOnlyPastAcknowledged	ignore-terminal	buscursor	required	-
MCBusCursorBrokenNearerCursorWins.cfg	MCBusCursor.tla	invariant	FurtherReadWins	ignore-terminal	buscursor	required	-
MCBusCursorBrokenWriteWithoutAdvance.cfg	MCBusCursor.tla	invariant	NoWriteWithoutAdvance	ignore-terminal	buscursor	required	-
MCCardMachine.cfg	MCCardMachine.tla	pass	-	ignore-terminal	cardmachine	bench	layer-2-original-instance-over-budget
MCEpochMemberBroken.cfg	MCEpochMemberTable.tla	invariant	NoEpochLeak	ignore-terminal	epochmembertable	required	-
MCEpochMemberBrokenStale.cfg	MCEpochMemberTable.tla	action	StaleWritesRefuse	ignore-terminal	epochmembertable	required	-
MCEpochMemberFixedPoint.cfg	MCEpochMemberTable.tla	pass	-	ignore-terminal	epoch-fixed-point	required	-
MCEpochMemberTable.cfg	MCEpochMemberTable.tla	pass	-	ignore-terminal	epochmembertable	required	-
MCFileLock.cfg	MCFileLock.tla	pass	-	ignore-terminal	filelock	bench	-
MCFileLockBrokenBusyIsHeld.cfg	MCFileLock.tla	invariant	HeldIsTrue	ignore-terminal	filelock	bench	-
MCFileLockBrokenSentinel.cfg	MCFileLock.tla	invariant	NothingToClear	ignore-terminal	filelock	bench	-
MCFileLockBrokenStale.cfg	MCFileLock.tla	invariant	MutualExclusion	ignore-terminal	filelock	bench	-
MCFileLockBrokenUnlink.cfg	MCFileLock.tla	invariant	MutualExclusion	ignore-terminal	filelock	bench	-
MCFileLockCandidate.cfg	MCFileLock.tla	invariant	HeldIsTrue|MutualExclusion	ignore-terminal	filelock	bench	-
MCFileLockFour.cfg	MCFileLock.tla	pass	-	ignore-terminal	filelock	bench	-
MCFirstConn.cfg	MCFirstConn.tla	pass	-	ignore-terminal	firstconn	required	-
MCFirstConnBrokenAny.cfg	MCFirstConn.tla	invariant	TakenOnlyWhenDue	ignore-terminal	firstconn	required	-
MCFirstConnBrokenHang.cfg	MCFirstConn.tla	temporal	AnswerDelivered	ignore-terminal	firstconn	required	-
MCFirstConnBrokenLate.cfg	MCFirstConn.tla	invariant	TakenOnlyWhenDue	ignore-terminal	firstconn	required	-
MCFirstConnBrokenMisaligned.cfg	MCFirstConn.tla	invariant	TakenOnlyWhenDue	ignore-terminal	firstconn	required	-
MCFirstConnBrokenRefused.cfg	MCFirstConn.tla	invariant	TakenOnlyWhenDue	ignore-terminal	firstconn	required	-
MCFirstConnBrokenShort.cfg	MCFirstConn.tla	invariant	AnswerStandsInPlace	ignore-terminal	firstconn	required	-
MCFirstConnBrokenTwice.cfg	MCFirstConn.tla	invariant	TakenOnlyWhenDue	ignore-terminal	firstconn	required	-
MCFuseBox.cfg	MCFuseBox.tla	pass	-	ignore-terminal	fusebox	required	-
MCFuseBoxBrokenAbsentClear.cfg	MCFuseBox.tla	invariant	GateAnswersOnlyFromEveryNamedBox	ignore-terminal	fusebox	required	-
MCFuseBoxBrokenInitReplaces.cfg	MCFuseBox.tla	invariant	InitOnlyWhereNoBox	ignore-terminal	fusebox	required	-
MCFuseBoxBrokenLastWins.cfg	MCFuseBox.tla	invariant	GateAnswersOnlyFromEveryNamedBox	ignore-terminal	fusebox	required	-
MCFuseBoxBrokenLockdownNeedsBox.cfg	MCFuseBox.tla	invariant	LockdownAlwaysBlows	ignore-terminal	fusebox	required	-
MCFuseBoxBrokenQuarantineMakes.cfg	MCFuseBox.tla	invariant	OnlyALiftInitOrHandClears	ignore-terminal	fusebox	required	-
MCMemberBrokenAlias.cfg	MCMemberTable.tla	invariant	NoOwnedAlias	ignore-terminal	membertable	required	-
MCMemberBrokenMove.cfg	MCMemberTable.tla	invariant	RecordSetLink	ignore-terminal	membertable	required	-
MCMemberFixedPoint.cfg	MCMemberTable.tla	pass	-	ignore-terminal	membertable	required	-
MCMemberTable.cfg	MCMemberTable.tla	pass	-	ignore-terminal	membertable	required	-
MCRedisFn.cfg	MCRedisFn.tla	pass	-	check	redisfn	required	-
MCRedisFnDeleteThenLoad.cfg	MCRedisFn.tla	invariant	NoGap	check	redisfn	required	-
MCRedisFnHolderGone.cfg	MCRedisFn.tla	invariant	HolderFound	check	redisfn	required	-
MCRedisFnLoadMissing.cfg	MCRedisFn.tla	pass	-	check	redisfn	required	-
MCRedisFnMissReplaces.cfg	MCRedisFn.tla	action	MissNeverReplaces	check	redisfn	required	-
MCRedisFnOneDeployer.cfg	MCRedisFn.tla	pass	-	check	redisfn	required	-
MCRedisFnTwoDeployers.cfg	MCRedisFn.tla	temporal	Settles	check	redisfn	required	-
MCTableBind.cfg	MCTableMachine.tla	invariant	BindPreservesOwned	ignore-terminal	tablemachine	bench	-
MCTableBindRetained.cfg	MCTableMachine.tla	invariant	BindPreservesOwned	ignore-terminal	tablemachine	bench	-
MCTableBoundAlias.cfg	MCTableMachine.tla	invariant	CellWritesPreserveBoundSets	ignore-terminal	tablemachine	bench	-
MCTableCrossTable.cfg	MCTableMachine.tla	invariant	OneTablePerMember	ignore-terminal	tablemachine	bench	-
MCTableDropAlias.cfg	MCTableMachine.tla	invariant	DropPreservesBound	ignore-terminal	tablemachine	bench	-
MCTableEdit.cfg	MCTableEdit.tla	pass	-	ignore-terminal	tableedit	required	-
MCTableEditBrokenLegacy.cfg	MCTableEdit.tla	invariant	ShapeLosesNoMember	ignore-terminal	tableedit	required	-
MCTableEditBrokenRefusal.cfg	MCTableEdit.tla	invariant	RefusalWritesNothing	ignore-terminal	tableedit	required	-
MCTableEditBrokenText.cfg	MCTableEdit.tla	invariant	ShapeLosesNoText	ignore-terminal	tableedit	required	-
MCTableFirstContact.cfg	MCTableFirstContact.tla	pass	-	check	tablefirstcontact	required	-
MCTableFirstContactBrokenEveryMiss.cfg	MCTableFirstContact.tla	invariant	LoadOnce	check	tablefirstcontact	required	-
MCTableFirstContactBrokenReplace.cfg	MCTableFirstContact.tla	invariant	NeverReplaced	check	tablefirstcontact	required	-
MCTableFirstContactBrokenResendLost.cfg	MCTableFirstContact.tla	invariant	AtMostOnce	check	tablefirstcontact	required	-
MCTableFirstContactFresh.cfg	MCTableFirstContact.tla	pass	-	check	tablefirstcontact	required	-
MCTableFixedPoint.cfg	MCTableMachine.tla	pass	-	ignore-terminal	tablemachine	bench	-
MCTableMachine.cfg	MCTableMachine.tla	pass	-	ignore-terminal	tablemachine	bench	-
MCTableOnePlace.cfg	MCTableMachine.tla	invariant	OnePlacePerTable	ignore-terminal	tablemachine	bench	-
MCTableOrder.cfg	MCTableOrder.tla	pass	-	ignore-terminal	tableorder	required	-
MCTableOrderBrokenBind.cfg	MCTableOrder.tla	invariant	StandingSortHolds	ignore-terminal	tableorder	required	-
MCTableOrderBrokenBindLoss.cfg	MCTableOrder.tla	invariant	OnlyRowDelDrops	ignore-terminal	tableorder	required	-
MCTableOrderBrokenCombined.cfg	MCTableOrder.tla	invariant	StandingSortHolds	ignore-terminal	tableorder	required	-
MCTableOrderBrokenDel.cfg	MCTableOrder.tla	invariant	OnlyRowDelDrops	ignore-terminal	tableorder	required	-
MCTableOrderBrokenItem.cfg	MCTableOrder.tla	invariant	RowMoveIsExact	ignore-terminal	tableorder	required	-
MCTableOrderBrokenOnce.cfg	MCTableOrder.tla	invariant	RowSortIsExact	ignore-terminal	tableorder	required	-
MCTableOrderBrokenPrefix.cfg	MCTableOrder.tla	invariant	RowOrderIsExact	ignore-terminal	tableorder	required	-
MCTableOrderBrokenSort.cfg	MCTableOrder.tla	invariant	StandingSortHolds	ignore-terminal	tableorder	required	-
MCTableSession.cfg	MCTableSession.tla	pass	-	ignore-terminal	tablesession	required	-
MCTableSessionBrokenClass.cfg	MCTableSession.tla	invariant	ConnectionFailureIsTwo	ignore-terminal	tablesession	required	-
MCTableSessionBrokenInt.cfg	MCTableSession.tla	invariant	StopOnlyWhenStopped	ignore-terminal	tablesession	required	-
MCTableSessionBrokenLast.cfg	MCTableSession.tla	invariant	ExitIsHighest	ignore-terminal	tablesession	required	-
MCTableSessionBrokenLong.cfg	MCTableSession.tla	invariant	KeepGoingReadsEveryLine	ignore-terminal	tablesession	required	-
MCTableSessionBrokenOn.cfg	MCTableSession.tla	invariant	StopsAtFirstFailure	ignore-terminal	tablesession	required	-
MCTableSessionBrokenReplay.cfg	MCTableSession.tla	invariant	AtMostOnce	ignore-terminal	tablesession	required	-
MCTableSessionBrokenStale.cfg	MCTableSession.tla	invariant	NoFalseAlarm	ignore-terminal	tablesession	required	-
MCTableSessionBrokenTerm.cfg	MCTableSession.tla	invariant	NothingStartsAfterStop	ignore-terminal	tablesession	required	-
MCTableSessionBrokenTermLive.cfg	MCTableSession.tla	temporal	TermEnds	ignore-terminal	tablesession	required	-
MCCardContract.cfg	MCCardContract.tla	pass	-	ignore-terminal	cardcontract	required	-
MCCardContractBrokenToday.cfg	MCCardContract.tla	invariant	OkIsPushedWork	ignore-terminal	cardcontract	required	-
MCCardContractBrokenNoShape.cfg	MCCardContract.tla	invariant	OkIsPushedWork	ignore-terminal	cardcontract	required	-
MCCardContractBrokenPushIgnored.cfg	MCCardContract.tla	invariant	OkIsPushedWork	ignore-terminal	cardcontract	required	-
MCCardContractBrokenReapReported.cfg	MCCardContract.tla	invariant	ReapedIsNotReported	ignore-terminal	cardcontract	required	-
MCCardContractBrokenBranchName.cfg	MCCardContract.tla	invariant	StagedFromOrigin	ignore-terminal	cardcontract	required	-
MCCardContractBrokenProviderFailed.cfg	MCCardContract.tla	invariant	ProviderIsNotFailedWork	ignore-terminal	cardcontract	required	-
MCCardContractBrokenSameRoute.cfg	MCCardContract.tla	invariant	RedealAvoidsFailedRoute	ignore-terminal	cardcontract	required	-
MCCardContractBrokenUnbounded.cfg	MCCardContract.tla	invariant	RedealBound	ignore-terminal	cardcontract	required	-
MCCardContractBrokenPreviousOnly.cfg	MCCardContract.tla	invariant	NoPushedWorkUnreachable	ignore-terminal	cardcontract	required	-
MCCardContractBrokenStagingFailed.cfg	MCCardContract.tla	invariant	StagingIsNotFailedWork	ignore-terminal	cardcontract	required	-
MCCardContractBrokenLevelRefuser.cfg	MCCardContract.tla	invariant	NeverOnARefuser	ignore-terminal	cardcontract	required	-
MCCardContractBrokenOldHead.cfg	MCCardContract.tla	invariant	ReworkStagedAtTheTip	ignore-terminal	cardcontract	required	-
MCCardContractBrokenSilentConflict.cfg	MCCardContract.tla	invariant	NoPushedWorkUnreachable	ignore-terminal	cardcontract	required	-
MCUpdateApply.cfg	MCUpdateApply.tla	pass	-	ignore-terminal	updateapply	required	-
MCUpdateApplyBrokenInstallOnVerdict.cfg	MCUpdateApply.tla	invariant	ApplyOnlyWhatIsNamed	ignore-terminal	updateapply	required	-
MCUpdateApplyBrokenDryRunInstalls.cfg	MCUpdateApply.tla	invariant	DryRunInstallsNothing	ignore-terminal	updateapply	required	-
MCUpdateApplyBrokenSentOnRefusal.cfg	MCUpdateApply.tla	invariant	SentOnlyOnOK	ignore-terminal	updateapply	required	-
