machine	code	module	status	owed_by	note
friend-lifecycle	internal/friend/machine.go,internal/friend/daemon.go,internal/friend/state.go	Friend	partial	friend-tla-delivery-states	Friend holds the connection (a ping inside the window, an outage said once) and the session challenge. The daemon's delivery of a note, handed or deferred or given up after its bound, is not in the module.
friend-stage	internal/friend/stage.go,internal/friend/daemon.go	FriendStage	current	-	FriendStage holds the daemon's staging of the jobs it writes: a stage begun only for a written brief, a lane handed a card only once its JOB.md is there, one judgment per unreachable repository or missing base while it stands, a stop that says nothing, and a failed job staged again once its remedy lands, with three reversed witnesses. The mirror's freshness window, the per-repository lock and the checkout's move-in are below the module's grain; a read's checkout is not staged and is not in it.
friend-lanes-and-take	internal/friend/lanes.go	FriendReadyTake	partial	tla-friend-lanes-and-take	FriendReadyTake holds a friend's own take of a ready card on her row (her row only, while she is up, within her lanes), the batch deal's fill of a free lane from her ready cards, her finish's next, and the judgment of a card ready in front of a free lane at FriendReadyMax, with four reversed witnesses. A friend's one-shot lanes and the coordinator's take-back of a card she has not started have no module.
bus-delivery	internal/bus/bus.go,internal/bus/redis.go	Bus2	current	-	Bus2 holds a send to every recipient and the log in one step, pending until ack, and a live reader keeping its message until ClaimAfter, with five reversed witnesses. bus.go cites those properties. A message kind and RecvKinds, which releases a skipped kind at once and which the code maps to a lost holder, are not states in the module. The module header still names internal/bus2/bus2.go, which this tree does not have; the machine is internal/bus.
presence-and-leases	internal/swarm/lease.go	-	missing	tla-presence-and-leases	A member's presence on the fleet table, and the swarm's lease on a slot, have no module.
merge-tree-and-promotion	internal/member/tree.go	-	missing	tla-merge-tree-promotion	The merge queue, a card's promotion into it, and the member's tree have no module. Land models only the batch pushed from the queue. The two-level landing module CardISA cites is not in this tree.
nova-update-apply	internal/update/adopt.go,internal/update/cli.go,internal/update/report.go	UpdateApply	current	-	UpdateApply holds one run of the version inventory, the state file, and a delivery recorded only after the bus says SEND OK, with three reversed witnesses. The code delivers by nova-bus send. The older join path is gone; the module already names the bus only as that SEND OK.
cairn-store	internal/cairn/cairn.go	CairnStore	current	-	CairnStore holds the session, the append, the log, and a gap when a crash falls between the entry and the log, with three reversed witnesses. cairn.go still writes an entry atomically, does not report before that write, and heals an interrupted open by logging the open record.
nova-table	cmd/nova-table/table.go,cmd/nova-table/session.go,cmd/nova-table/library.go,internal/ntable/ntable.go,internal/redisfn/redisfn.go,internal/redisconn/open.go,internal/fuse/fuse.go	TableMachine,MemberTable,EpochMemberTable,TableEdit,TableOrder,TableSession,RedisFn,TableFirstContact,FirstConn,FuseBox	current	-	The table layer is the modelled layer (tla/README.md): contracts, member and epoch placement, edits, order, the shell, the function libraries, first contact and the fuse box. Each module has an expected-fail witness. TableMachine and RedisFn name that witness without the word Broken in the configuration file; the plan's expected column is not pass.
card-contract	internal/cardcontract/contract.go,internal/cardcontract/gate.go,internal/member/member.go	CardContract	current	-	CardContract holds the finish of a card, the member's push and the one judgment, with eleven reversed witnesses. A finish or push file that is not a regular file is no record, the same absent record the module already finishes from, not a new state.
bench-stage	internal/release/install.go,fleet/tools.yml	BenchStage	current	-	BenchStage holds one bench's stage: the seed, the send measured from bytes, verification of the whole set before the first rename, a binary skipped when it already holds the release bytes, and a crash anywhere, with one reversed witness. The later stage-then-rename in install.go is that verify-before-rename.
config	internal/config/store.go,internal/config/apply.go,internal/config/redis.go,internal/config/kind.go	ConfigApply	current	-	ConfigApply holds a store write and its history row, the per-kind revision, Redis as a copy, the stamp after the ops, and machine before friend, with four reversed witnesses. It was written from this code. Friend slots, tiers and the bench registry set are outside the instance, which says field checks beyond the ref are.
secrets	internal/secrets/store.go,internal/secrets/seat.go,internal/secrets/seal.go	-	missing	tla-secrets	A secret's placement, its sealing, and the seat's key have no module.
decide-record	internal/decide/record.go,internal/decide/attempt.go	-	missing	tla-decide-record	A decision's record, and the decision of one attempt, have no module.
file-lock	internal/filelock/filelock.go,internal/filelock/take.go	FileLock	current	-	FileLock holds the lock file's take and a stale holder, with four reversed witnesses. filelock.go cites the module. The only change since the module is the wording of the package comment.
